Domain,Colo,IP Address
usa.coffeejobsboard.com,FRA,172.67.136.128
mp-check.com,FRA,172.67.140.19
newzealand.coffeejobsboard.com,FRA,172.67.136.128
montreal.coffeejobsboard.com,FRA,172.67.136.128
www.chinahhcp.com,FRA,172.67.134.239
www.beixiaoshuzi.com,FRA,172.67.142.88
www.thouway.net,FRA,172.67.137.30
bjdcsmyxgsr6w.qdscbzj.com,FRA,172.67.136.35
npxlf.com,FRA,172.67.139.164
wuyishan.coffeejobsboard.com,FRA,172.67.136.128
dgscxdzyxgsvq7.qdscbzj.com,FRA,172.67.136.35
munchen.coffeejobsboard.com,FRA,172.67.136.128
www.casinorip.com,FRA,172.67.132.17
lammes-sandbox.fmclients.com,FRA,63.141.128.23
szsqqakjyxgs3s6.qdscbzj.com,FRA,172.67.136.35
www.smartbusinessdealmakers.com,FRA,172.67.135.90
s9ryzdhescyxgs.qdscbzj.com,FRA,172.67.136.35
www.lit3d.net,FRA,172.67.131.221
philadelphia.coffeejobsboard.com,FRA,104.21.26.143
manitoba.coop,FRA,172.67.133.98
www.zarcolaw.com,FRA,104.16.108.239
vylzbtlhgpjyxgs.qdscbzj.com,FRA,104.21.78.175
bbs.coffeejobsboard.com,FRA,172.67.136.128
www.gsm600.com,FRA,172.67.135.183
www.722331.com,FRA,172.67.143.188
woyaocui.net,FRA,172.67.138.68
www.570610.com,FRA,172.67.130.82
www.ghl657.com,FRA,172.67.139.161
www.bidaih.com,FRA,172.67.129.246
wanfengwangluo.com,FRA,172.67.136.83
gwthuxq.kcsjrcw.com,FRA,172.67.143.231
yiqihe.net,FRA,172.67.131.96
trondheim.coffeejobsboard.com,FRA,172.67.136.128
webfivenft.com,FRA,172.67.133.249
www.cyqsh.com,FRA,172.67.134.202
www.ygzymx.com,FRA,172.67.128.209
auckland.coffeejobsboard.com,FRA,172.67.136.128
cfyd66.com,FRA,172.67.131.18
91npl.net,FRA,172.67.135.162
cpanel.thiencntt.com,FRA,172.67.134.123
xinxunbo.com,FRA,172.67.138.249
wellington.coffeejobsboard.com,FRA,172.67.136.128
huiguoxiao.com,FRA,172.67.130.132
cpyh.net,FRA,172.67.133.51
www.acdraftshields.com,FRA,192.200.160.22
www.hfk359.com,FRA,172.67.130.229
webmail.mp-check.com,FRA,172.67.140.19
gznmjjyyxgs8ep.qdscbzj.com,FRA,172.67.136.35
altquick.com,FRA,172.67.134.215
rwmjgdelite.snowbombing.com,FRA,172.67.136.147
ukzgdyttzglyxgs.qdscbzj.com,FRA,172.67.136.35
www.gsjyxc.com,FRA,172.67.142.105
uk.coffeejobsboard.com,FRA,172.67.136.128
f4sv.com,FRA,104.21.4.133
pt.chinastockmarketnews.com,FRA,172.67.143.10
www.asima.ws,FRA,172.67.138.89
www.55662.cn,FRA,172.67.136.175
mail.coffeejobsboard.com,FRA,172.67.136.128
cpanel.mp-check.com,FRA,172.67.140.19
qdscbzj.com,FRA,172.67.136.35
www.fka653.com,FRA,172.67.133.186
la.coffeejobsboard.com,FRA,172.67.136.128
www.tuyunlou.com,FRA,172.67.130.70
chengztc.com,FRA,172.67.129.176
v.gzrdhj.com,FRA,104.21.0.183
www.khj569.com,FRA,172.67.143.14
www.webfivenft.com,FRA,172.67.133.249
denmark.coffeejobsboard.com,FRA,172.67.136.128
dynpjlondon.coffeejobsboard.com,FRA,172.67.136.128
cchmfkrl.net,FRA,172.67.134.113
ggrush.net,FRA,172.67.131.142
hbpinf.com,FRA,172.67.133.188
ytalyslyyyjsxsyxgs.qdscbzj.com,FRA,172.67.136.35
quel.coffeejobsboard.com,FRA,172.67.136.128
hfk359.com,FRA,172.67.130.229
www.xpeaks.net,FRA,104.21.64.240
cezcw.com,FRA,172.67.134.227
store.3dr.com,FRA,192.200.160.15
qqwv.net,FRA,172.67.142.93
www.zhuoshigd.com,FRA,172.67.133.183
kazinoguru.lv,FRA,172.67.139.133
qdpjw.com,FRA,172.67.133.95
cssxnfyyxgs9rf.qdscbzj.com,FRA,172.67.136.35
gafhbgbsnyxzrgs.qdscbzj.com,FRA,172.67.136.35
othercities.coffeejobsboard.com,FRA,172.67.136.128
regar.africa,FRA,172.67.134.122
manchester.coffeejobsboard.com,FRA,172.67.136.128
khj569.com,FRA,172.67.143.14
gzrcmyyxgsrp7.qdscbzj.com,FRA,172.67.136.35
eageea.com,FRA,172.67.134.125
nxfjljsqyxgsixp.qdscbzj.com,FRA,172.67.136.35
france.coffeejobsboard.com,FRA,172.67.136.128
tromso.coffeejobsboard.com,FRA,172.67.136.128
lnzwszfffsclyxgs4u1.qdscbzj.com,FRA,172.67.136.35
stockholm.coffeejobsboard.com,FRA,172.67.136.128
seedscientific.com,FRA,172.67.132.195
berlin.coffeejobsboard.com,FRA,172.67.136.128
e7oncjxqydjfwyxgs.qdscbzj.com,FRA,172.67.136.35
www.vmlcwjnjqx.com,FRA,172.67.135.130
x21bdsjysmyxgs.qdscbzj.com,FRA,172.67.136.35
www.qdscbzj.com,FRA,172.67.136.35
www.huidizaola.com,FRA,172.67.130.131
mail.2uncle.com,FRA,172.67.136.251
bristol.coffeejobsboard.com,FRA,104.21.26.143
jcreporter.com.br,FRA,172.67.132.58
liverpool.coffeejobsboard.com,FRA,104.21.26.143
szsttgmyyxgs3hw.qdscbzj.com,FRA,172.67.136.35
570610.com,FRA,172.67.130.82
seoul.coffeejobsboard.com,FRA,172.67.136.128
gfi939.com,FRA,172.67.134.220
nfxqdtptxjsyxgs.qdscbzj.com,FRA,172.67.136.35
preferences.peteralexander.com.au,FRA,104.16.109.133
sdhyhnspyxgsc6i.qdscbzj.com,FRA,172.67.136.35
www.yiqihe.net,FRA,172.67.131.96
www.eageea.com,FRA,172.67.134.125
oslo.coffeejobsboard.com,FRA,172.67.136.128
mail.thiencntt.com,FRA,172.67.134.123
portland.coffeejobsboard.com,FRA,172.67.136.128
sweden.coffeejobsboard.com,FRA,172.67.136.128
m7ksgwg.qdscbzj.com,FRA,172.67.136.35
huidizaola.com,FRA,172.67.130.131
gywf.net,FRA,172.67.136.87
mail.mp-check.com,FRA,172.67.140.19
2uncle.com,FRA,172.67.136.251
qingwawu.com,FRA,172.67.134.16
fpzy.net,FRA,172.67.129.40
sfgukhalo.snowbombing.com,FRA,104.21.81.4
www.theie6countdown.cn,FRA,172.67.140.152
kobenhavn.coffeejobsboard.com,FRA,172.67.136.128
xexadwalshieswarriors.snowbombing.com,FRA,104.21.81.4
wj8ycyshwsbzzyxgs.qdscbzj.com,FRA,172.67.136.35
updater.asima.ws,FRA,172.67.138.89
ygmjxjhktkjyxgs.qdscbzj.com,FRA,172.67.136.35
jbisdhmhwsbyxgs.qdscbzj.com,FRA,172.67.136.35
developers.xelon.ch,IAD,54.211.236.179
www.wsnjyy.net,LAX,104.21.37.232
cjhypm.com,LAX,104.21.39.41
cpcalendars.knauf.ae,LAX,104.18.36.149
kostendubbelglas.nl,LAX,104.21.11.99
vipalearn.net,LAX,104.21.85.152
www.fey656.com,LAX,104.21.52.233
bjehgj.com,LAX,104.21.50.148
knauf-holzbau.de,LAX,172.64.149.84
www.huikaishui.com,LAX,104.21.94.125
recykling-katowice.i-autoskup-zlomowanie.pl,LAX,172.67.157.18
jns378.com,LAX,104.21.40.193
ueiyun.com,LAX,104.21.56.23
sietk.org,LAX,104.21.89.136
www.incrediblesmiles.com.au,LAX,104.21.47.240
sznigao.net,LAX,104.21.63.45
www.cndj88.net,LAX,104.21.53.210
www.jns378.com,LAX,104.21.40.193
ssh.zr.si,LAX,104.21.41.131
my.mhsaa.com,LAX,172.67.12.69
wiki.lszone.cc,LAX,104.21.96.118
recykling-bochnia.i-autoskup-zlomowanie.pl,LAX,104.21.34.80
www.bootcamp.delval.edu,LAX,172.64.149.213
jjsm168.com,LAX,104.21.80.148
vn.investing.com,LAX,104.18.32.151
am331ggsjkhdgsdhsdh.wyetyfytsfddsyvcgsd.xyz,LAX,104.21.84.20
35pwhxwqjstyxgs.qufenglian.com,LAX,104.21.40.203
mailgate.thibault-ml.com,LAX,172.67.217.172
355zxqcqwq.wyetyfytsfddsyvcgsd.xyz,LAX,104.21.84.20
shwgsyyxgsanh.qufenglian.com,LAX,104.21.40.203
fhdk.net,LAX,104.21.41.10
zao8wan8.net,LAX,104.21.6.95
www.aquapanel.com,LAX,172.64.147.153
zhantaixiu.com,LAX,172.67.151.59
tr.investing.com,LAX,172.64.155.105
recykling-gliwice.i-autoskup-zlomowanie.pl,LAX,104.21.34.80
obizzyxcyglyxgs.shganghui.com,LAX,104.21.88.116
bjlwkjyxgszx1.lzbyfc.com,LAX,104.21.58.143
www.skandiamaklarna.com,LAX,172.64.153.244
www.fish960.com,LAX,104.21.83.90
mail.lszone.cc,LAX,104.21.96.118
4kwxmzckjyxgs.qufenglian.com,LAX,104.21.40.203
qingjia.163b2b.cn,LAX,104.21.15.229
cndj88.net,LAX,104.21.53.210
pt.investing.com,LAX,104.18.32.151
recykling-tarnow.i-autoskup-zlomowanie.pl,LAX,172.67.157.18
recykling-rudaslaska.i-autoskup-zlomowanie.pl,LAX,172.67.157.18
reviewer.2uncle.com,LAX,104.21.54.83
0qcshqlskhcbyxgs.lzbyfc.com,LAX,104.21.58.143
shangyejun.com,LAX,104.21.5.126
webtestparty.storymagic.co,LAX,104.21.33.70
web4-kids.storymagic.co,LAX,104.21.33.70
ttleagues.com,LAX,104.21.83.215
hpnxw.com,LAX,104.21.60.166
www.gvj465.com,LAX,104.21.0.201
code.ayna.com,LAX,104.21.47.27
www.mp-check.com,LAX,104.21.87.28
aomen337wqeiohirq.wyetyfytsfddsyvcgsd.xyz,LAX,104.21.84.20
sxsywlkjyxgsly0.lzbyfc.com,LAX,104.21.58.143
am318bjmrah.wyetyfytsfddsyvcgsd.xyz,LAX,172.67.185.3
ptwkg.com,LAX,104.21.33.191
download.cobaltstrike.com,LAX,104.18.32.162
www.gdwsys.com,LAX,104.21.92.25
dkpj.net,LAX,104.21.36.192
th.investing.com,LAX,172.64.155.105
hzbyjcyxgs06m.qufenglian.com,LAX,104.21.40.203
629yylnbhyxgs.lzbyfc.com,LAX,104.21.58.143
www.xiangtour.net,LAX,104.21.45.93
www.wrbybyyy.com,LAX,104.21.48.215
tracking.latinaladies.de,LAX,104.18.34.120
shop2.gunjow.net,LAX,104.21.15.18
sukabumi.publik.co.id,LAX,104.21.55.66
baijishi.com,LAX,104.21.11.82
www.unternehmerclub-braunschweig.de,LAX,141.101.90.99
am360cgsvcgxdvcg63.wyetyfytsfddsyvcgsd.xyz,LAX,104.21.84.20
recykling-suchabeskidzka.i-autoskup-zlomowanie.pl,LAX,104.21.34.80
www.cyfaka.com,LAX,104.21.53.227
wandebao.net,LAX,104.21.86.158
jnzra.com,LAX,104.21.80.10
recykling-libiaz.i-autoskup-zlomowanie.pl,LAX,104.21.34.80
beixiaoshuzi.com,LAX,104.21.87.73
dimx.world,LAX,160.153.0.167
recykling-zory.i-autoskup-zlomowanie.pl,LAX,104.21.34.80
recykling-mikolow.i-autoskup-zlomowanie.pl,LAX,172.67.157.18
txy169.com,LAX,104.21.45.205
webdisk.knauf.ae,LAX,172.64.151.107
am339ggsjkhdgsdhsdh.wyetyfytsfddsyvcgsd.xyz,LAX,172.67.185.3
szsbgkjyxgs02m.qufenglian.com,LAX,104.21.40.203
dingtai123.163b2b.cn,LAX,104.21.15.229
www.zwb5.com,LAX,104.21.32.250
www.seoaiz.com,LAX,104.21.92.154
www.girbook.com,LAX,104.21.7.203
pn1jxtxgczjzxyxgs.qufenglian.com,LAX,104.21.40.203
api.99994y.com,LAX,104.18.35.148
lanziyingsi.com,LAX,104.21.87.186
aomen014wqeiohirq.wyetyfytsfddsyvcgsd.xyz,LAX,104.21.84.20
recykling-zywiec.i-autoskup-zlomowanie.pl,LAX,104.21.34.80
imex1.com,LAX,104.21.56.80
utougu.net,LAX,104.21.32.127
it.investing.com,LAX,104.18.32.151
www.51what.net,LAX,104.21.95.94
www.bsl744.com,LAX,104.21.88.61
jgs563.com,LAX,104.21.43.54
tamarackfoundation.org,LAX,172.67.156.151
tswbjycjcpsjyxgs.lzbyfc.com,LAX,172.67.160.92
hnjcorporation.com,LAX,172.67.181.199
yeni.ankarateknokent.com,LAX,104.21.1.37
cpanel.unicervantes.edu.co,LAX,104.21.13.218
www.mswwk.com,LAX,104.21.53.106
am005ggsjkhdgsdhsdh.wyetyfytsfddsyvcgsd.xyz,LAX,172.67.185.3
torajautara.publik.co.id,LAX,104.21.55.66
www.galaxy.com,LAX,104.22.49.164
www.predj.eu,LAX,104.21.57.130
www.bjfk120.com,LAX,104.21.7.91
secure.lszone.cc,LAX,104.21.96.118
ningxiawg.net,LAX,104.21.49.37
wyetyfytsfddsyvcgsd.xyz,LAX,104.21.84.20
remote.lszone.cc,LAX,104.21.96.118
www.shjqbuyun.net,LAX,104.21.80.7
hongxiushuwu.com,LAX,104.21.59.80
meiquankj.com,LAX,104.21.36.87
dgsmhfjxpjyxgsuf0.qufenglian.com,LAX,104.21.40.203
budgetapp.doublefin.com,LAX,104.22.38.196
www.coresecurity.com,LAX,172.64.150.71
uhewy.com,LAX,104.21.59.170
51what.net,LAX,104.21.95.94
www.fukesi999.com,LAX,104.21.60.234
www.breakroom.cc,LAX,104.22.58.110
vmail.thibault-ml.com,LAX,104.21.62.13
huixuanwu.com,LAX,172.67.130.87
exjlnthjykjyxgs.lzbyfc.com,LAX,104.21.58.143
www.keshannongye.com,LAX,104.21.40.127
jiaqikuaidrg.com,LAX,104.21.58.130
www.scqichen.com,LAX,104.21.38.171
i-autoskup-zlomowanie.pl,LAX,104.21.34.80
lp4.cmtrading.com,LAX,172.67.39.147
iavbwaxmlx.com,LAX,104.21.88.67
recykling-kuzniaraciborska.i-autoskup-zlomowanie.pl,LAX,104.21.34.80
chinastockmarketnews.com,LAX,104.21.87.119
qxwjhgxsyxgsrd6.qufenglian.com,LAX,104.21.40.203
ftp.casinoonlineenchile.cl,LAX,104.18.36.21
www.86sew.com,LAX,104.21.39.42
mta-sts.gunjow.net,LAX,104.21.15.18
lmit.net.au,LAX,104.21.57.210
www.knauf-holzbau.de,LAX,172.64.149.84
am347bsdvbdv41.wyetyfytsfddsyvcgsd.xyz,LAX,104.21.84.20
www.hsw865.com,LAX,104.21.81.182
www.landonmiller.net,LAX,104.21.52.213
design-media.inkpx.com,LAX,104.21.82.40
enr135.com,LAX,104.21.95.188
dev.chenweiliang.com,LAX,104.21.80.221
recykling-chelmek.i-autoskup-zlomowanie.pl,LAX,104.21.34.80
www.westernaviation.net,LAX,104.21.5.248
justclean.com,LAX,104.22.71.236
mx5.thibault-ml.com,LAX,104.21.62.13
www.36992.com,LAX,104.21.0.99
www.mhsaa.com,LAX,104.22.68.99
www.kemono.com.tw,LAX,104.21.83.214
kesor.net,LAX,104.21.86.185
czzssjgcszyxgsump.lzbyfc.com,LAX,104.21.58.143
scmh.simpleepay.com,LAX,104.18.43.19
xiangbita.net,LAX,104.21.57.44
www.jiey6.com,LAX,104.21.56.102
www.blgwang.com,LAX,104.21.14.180
kd580.net,LAX,172.67.185.104
bsyzhifa.com,LAX,104.21.91.137
recykling-nowysacz.i-autoskup-zlomowanie.pl,LAX,172.67.157.18
www.basendianqi.com,LAX,104.21.14.29
351zxqcqwq.wyetyfytsfddsyvcgsd.xyz,LAX,104.21.84.20
www.apshuangshi.com,LAX,104.21.9.142
www.398cp.net,LAX,172.67.164.56
am353ggsjkhdgsdhsdh.wyetyfytsfddsyvcgsd.xyz,LAX,172.67.185.3
www.652195.com,LAX,104.21.34.222
aomen027wqeiohirq.wyetyfytsfddsyvcgsd.xyz,LAX,172.67.185.3
www.thr675.com,LAX,104.21.60.239
www.kosun.ru,LAX,104.21.51.245
www.thomasrife.com,LAX,104.21.50.51
lifelineny.org,LAX,172.67.160.122
f.romicore.pl,LAX,104.21.96.49
webflake.dev,LAX,104.21.6.231
568101450.163b2b.cn,LAX,104.21.15.229
9mvjjslsqcycyyxgs.lzbyfc.com,LAX,104.21.58.143
www.chenweiliang.com,LAX,172.67.187.74
jzj360.net,LAX,104.21.35.56
xhlot.com,LAX,104.21.35.215
gwkz.net,LAX,104.21.42.82
u53sdmjjxkjyxgs.lzbyfc.com,LAX,104.21.58.143
mail10.thibault-ml.com,LAX,104.21.62.13
hfzpkjyxgsuk5.qufenglian.com,LAX,104.21.40.203
jiaozhendz.com,LAX,104.21.60.75
humantowers.net,LAX,104.21.47.232
fqxfhfczjyxgsvrk.lzbyfc.com,LAX,104.21.58.143
331zxqcqwq.wyetyfytsfddsyvcgsd.xyz,LAX,104.21.84.20
1230131.com,LAX,104.21.53.243
chinaro.ro,LAX,104.21.90.121
3nk6j.flyd26.buzz,LAX,172.67.151.196
recykling-olkusz.i-autoskup-zlomowanie.pl,LAX,172.67.157.18
recykling-tarnowskiegory.i-autoskup-zlomowanie.pl,LAX,172.67.157.18
www.haitaisci.net,LAX,104.21.86.95
am296bjmrah.wyetyfytsfddsyvcgsd.xyz,LAX,104.21.84.20
www.ahgrgk.com,LAX,104.21.57.211
bryanandersonsells.com,LAX,104.21.15.25
0mk.xyz,LAX,104.21.37.177
jkmeishi.com,LAX,104.21.45.136
domain.2uncle.com,LAX,104.21.54.83
www.xunpanjiqi.com,LAX,104.21.57.142
kmjhdlzzyxgsli0.lzbyfc.com,LAX,104.21.58.143
trackingjs.com,LAX,104.21.41.151
sihaijielong.com,LAX,104.21.2.175
www.jiaoyix.com,LAX,104.21.84.32
bsl744.com,LAX,104.21.88.61
worksuite.cloodo.com,LAX,104.21.62.42
www.sinacola.net,LAX,104.21.89.106
snowcat.pl,LAX,172.67.185.39
s1gaqbxjxsbyxgs.lzbyfc.com,LAX,104.21.58.143
am337ggsjkhdgsdhsdh.wyetyfytsfddsyvcgsd.xyz,LAX,104.21.84.20
recykling-andychow.i-autoskup-zlomowanie.pl,LAX,172.67.157.18
szxykjyxgst22.qufenglian.com,LAX,104.21.40.203
pxjbqyglyxgshbk.shganghui.com,LAX,104.21.88.116
recykling-dabrowagornicza.i-autoskup-zlomowanie.pl,LAX,172.67.157.18
my.tesol.org,ORD,35.222.218.46
lishengyl88.com,SEA,172.67.181.4
29ojo.flyd26.buzz,SEA,172.67.151.196
www.sailunmotorsport.com,SEA,104.21.21.213
www.ueiyun.com,SEA,172.67.175.253
www.evread19.net,SEA,104.18.14.93
bflwl.net,SEA,104.21.17.19
iqb178.net,SEA,172.67.178.167
n2lszsxbswzpyxgs.lzbyfc.com,SEA,172.67.160.92
wkfpay.net,SEA,172.67.148.65
editorafgv2016-js.f1cdn.com.br,SEA,104.26.2.230
edinburgh.org,SEA,104.26.14.18
www.asecxduty.com,SEA,172.67.166.107
ftp.lszone.cc,SEA,172.67.180.11
816535.com,SEA,172.67.196.251
cxlj333.com,SEA,172.67.174.253
xihuanqueen.com,SEA,172.67.171.75
www.gongansd.com,SEA,172.67.173.87
asima.ws,SEA,104.21.26.185
www.sbf.org.sg,SEA,172.67.68.83
lisen-5.com,SEA,172.67.181.81
tshi100.net,SEA,104.21.28.112
vetbooks.ir,SEA,104.21.233.185
viitorcloud.com,SEA,104.21.23.75
zhankuitz.net,SEA,104.21.23.242
www.novaonline.cc,SEA,172.67.200.170
hneming.com,SEA,172.67.155.15
www.gzyaokai.com,SEA,172.67.205.180
pjgaffersexpendables.com,SEA,23.227.38.70
www.yiloulan.net,SEA,172.67.155.239
bvi.mybenefitsapp.com,SEA,104.26.2.237
www.ayyjh.com,SEA,172.67.149.126
rqstdmyyxgspjj.qufenglian.com,SEA,172.67.157.6
61040.flyd26.buzz,SEA,172.67.151.196
am363ggsjkhdgsdhsdh.wyetyfytsfddsyvcgsd.xyz,SEA,172.67.185.3
www.zfldh5.digital,SEA,172.67.192.124
42584.flyd26.buzz,SEA,172.67.151.196
aldi_ofertas.ahorra-ya.es,SEA,172.67.185.3
am338ggsjkhdgsdhsdh.wyetyfytsfddsyvcgsd.xyz,SEA,104.21.84.20
quanqiuceping.com,SEA,172.67.204.101
hhmjjdfwzx.com,SEA,172.67.190.108
zjjrjxzzgfyxgsop5.lzbyfc.com,SEA,172.67.160.92
www.shganghui.com,SEA,172.67.178.102
utsapid.uub.com.ua,SEA,104.26.14.183
mcocean.com,SEA,172.67.180.195
cdrsjdjfwyxgsksj.qufenglian.com,SEA,172.67.157.6
kc.coffeejobsboard.com,SEA,104.21.26.143
dongqil.net,SEA,172.67.163.230
australia.coffeejobsboard.com,SEA,104.21.26.143
aomen357wqeiohirq.wyetyfytsfddsyvcgsd.xyz,SEA,172.67.185.3
am330ggsjkhdgsdhsdh.wyetyfytsfddsyvcgsd.xyz,SEA,172.67.185.3
inteeys.com,SEA,172.67.199.128
www.fwxh.net,SEA,172.67.202.18
schoffice-server.triplescontrol.de,SEA,104.21.29.229
shganghui.com,SEA,172.67.178.102
ofertas.ahorra-ya.es,SEA,172.67.185.3
useitcloud.com,SEA,172.67.184.253
cadsa.hellborncommunity.ru,SEA,172.67.201.222
deewhujy.top,SEA,172.67.164.194
koora.chouftv.ma,SEA,104.26.1.97
m.lszone.cc,SEA,172.67.180.11
v2.chouftv.ma,SEA,104.26.0.97
skylandtrail.mybenefitsapp.com,SEA,104.26.2.237
cubyaequml.com,SEA,172.67.190.193
853mhl.com,SEA,172.67.161.250
hamburg.coffeejobsboard.com,SEA,104.21.26.143
norway.coffeejobsboard.com,SEA,104.21.26.143
img.ccschy.com,SEA,104.21.234.97
cartoriosaoluis.not.br,SEA,172.67.165.133
jiashanchangjia.com,SEA,104.21.21.50
home.gunjow.net,SEA,172.67.161.6
dswbjzqpxyxgs.lzbyfc.com,SEA,172.67.160.92
www.rayconvip.com,SEA,172.67.174.32
jsmayu.com,SEA,172.67.149.21
hbywjzgcyxgstdt.rp099.cn,SEA,172.67.203.4
hsfk2.com,SEA,172.67.188.140
salespanel.ru,SEA,172.67.201.139
aomen349wqeiohirq.wyetyfytsfddsyvcgsd.xyz,SEA,172.67.185.3
6l04o.flyd26.buzz,SEA,172.67.151.196
www.loscreadoresinc.com,SEA,172.67.150.248
royalfamily.org,SEA,172.67.178.186
pfpmaker.com,SEA,104.26.1.243
www.humantowers.net,SEA,172.67.174.120
test.mybenefitsapp.com,SEA,104.26.3.237
gxguowei.com,SEA,172.67.165.83
szsmgsgyxgsmrs.lzbyfc.com,SEA,172.67.160.92
localizejs.com,SEA,172.66.40.57
hzkkxmjzzyxgsovw.lzbyfc.com,SEA,172.67.160.92
news.chouftv.ma,SEA,172.67.70.21
neighborsbank.mybenefitsapp.com,SEA,104.26.3.237
www.dfg576.com,SEA,172.67.185.226
www.jiaqikuaidrg.com,SEA,172.67.159.227
images.modifikasi.com,SEA,104.26.6.157
yiyaoqiao.net,SEA,172.67.156.235
www.pinlifang.net,SEA,172.67.158.13
publik.co.id,SEA,172.67.170.155
www.huijieshang.com,SEA,172.67.190.94
depedtabukcity.com,SEA,172.67.183.25
zqsdbjskjyxgs978.qufenglian.com,SEA,172.67.157.6
www.tediouslink.com,SEA,172.67.194.230
www.maratonadellecattedrali.it,SEA,172.67.150.65
www.fastbanking.id,SEA,172.67.194.121
brand-admin.rippl.club,SEA,104.26.6.23
trwdduplicate2.mybenefitsapp.com,SEA,172.67.69.173
console-obj.zr.si,SEA,172.67.147.94
luoyuehui.net,SEA,172.67.198.71
ultimed.mybenefitsapp.com,SEA,104.26.2.237
webmail.car2car.com.br,SEA,172.67.166.59
edinburgh.coffeejobsboard.com,SEA,104.21.26.143
b.obiava.bg,SEA,104.21.28.221
www.gcdex.com.au,SEA,104.21.26.204
www.dsmngeanfv.com,SEA,172.67.155.117
nhpri.mybenefitsapp.com,SEA,172.67.69.173
am342ggsjkhdgsdhsdh.wyetyfytsfddsyvcgsd.xyz,SEA,104.21.84.20
private.yosokanesia.com,SEA,172.67.172.46
turnberry.mybenefitsapp.com,SEA,104.26.3.237
debeaut.org,SEA,172.67.72.66
93enjgqzxyxgs.lzbyfc.com,SEA,104.21.58.143
am001bsdvbdv41.wyetyfytsfddsyvcgsd.xyz,SEA,172.67.185.3
doctorschoice.mybenefitsapp.com,SEA,104.26.2.237
www.hwcodec.com,SEA,104.21.24.239
lnyyffclyxgs8ix.lzbyfc.com,SEA,172.67.160.92
www.hnwuziyou.com,SEA,104.21.21.95
4wu.lifteque.top,SEA,172.67.178.54
dnwx8.net,SEA,172.67.154.240
496256.com,SEA,104.21.21.83
qingyibiotech.com,SEA,172.67.153.199
jkw86.com,SEA,104.21.19.100
777pc6.com,SEA,104.18.18.89
bonuscomparator.com,SEA,172.67.165.43
betsystem.bonuscomparator.com,SEA,104.21.11.51
mta.qltwholesale.com,SEA,172.67.164.163
4fccb.flyd26.buzz,SEA,172.67.151.196
mmsg520.net,SEA,172.67.160.199
www.salespanel.ru,SEA,172.67.201.139
upgrade.eduproerp.com,SEA,172.67.164.111
www.solomon.org,SEA,172.67.154.140
www.wacore.net,SEA,172.67.201.92
app.localizejs.com,SEA,172.66.43.199
am345ggsjkhdgsdhsdh.wyetyfytsfddsyvcgsd.xyz,SEA,172.67.185.3
www.1nxn.com,SEA,104.21.92.98
www.shyccs.com,SEA,172.67.181.44
www.xzh6.com,SEA,172.67.156.85
www.beishizhu.net,SEA,172.67.164.181
nikopolnovosti.0566.com.ua,SEA,172.67.157.55
www.junglescout.com,SEA,172.67.72.51
am351cgsvcgxdvcg63.wyetyfytsfddsyvcgsd.xyz,SEA,104.21.84.20
lifteque.top,SEA,104.21.17.195
ds.ayna.com,SEA,172.67.144.39
bhvfaperth.coffeejobsboard.com,SEA,172.67.136.128
www.dhlecommerce.nl,SEA,104.18.27.196
lists.healthra.org,SEA,104.21.27.214
support.lszone.cc,SEA,172.67.180.11
enviolo.com,SEA,172.67.72.241
lanzhongyun.net,SEA,172.67.185.236
globaldatareview.com,SEA,104.18.8.130
www.fsxzmy.com,SEA,104.21.18.222
uwealten-actioncoach.com,SEA,199.60.103.150
www.yekeey.com,SEA,172.67.171.3
szstgmyyxgssi7.qufenglian.com,SEA,172.67.157.6
vdc.xelon.ch,SEA,104.21.26.146
www.tm-315.com,SEA,104.21.22.90
www.democratie-electronique.org,SEA,104.21.28.94
www.miyou7.net,SEA,104.21.16.24
paris.coffeejobsboard.com,SEA,104.21.26.143
openthen.com,SEA,172.67.181.199
www.keller-sports.it,SEA,104.26.0.63
sdpysyyxgsve2.qufenglian.com,SEA,104.21.40.203
327zxqcqwq.wyetyfytsfddsyvcgsd.xyz,SEA,104.21.84.20
am005bsdvbdv41.wyetyfytsfddsyvcgsd.xyz,SEA,172.67.185.3
116755246.e20biz.es,SEA,104.21.16.242
www.baijishi.com,SEA,172.67.165.171
m373.flyd26.buzz,SEA,172.67.151.196
admin.gunjow.net,SEA,172.67.161.6
plumbingsystems.co.ke,SEA,172.67.167.72
eshop.accu-chek.it,SEA,104.18.14.72
guiddy.fr,SEA,172.67.191.52
www.309695.com,SEA,104.21.19.81
www.kplou.com,SEA,172.67.189.68
mail.wave.com.sa,SEA,172.67.192.177
vice.qantumthemes.xyz,SEA,172.67.71.45
jaejogo.com,SEA,104.18.19.89
www.rippl.club,SEA,104.26.6.23
www.jaejogo.com,SEA,104.18.18.89
am335ggsjkhdgsdhsdh.wyetyfytsfddsyvcgsd.xyz,SEA,104.21.84.20
top.d1.net.cn,SEA,172.67.191.37
gypshyjkjyxgs.qufenglian.com,SEA,104.21.40.203
mlhkjk.com,SEA,104.21.20.161
itrusty.com,SEA,172.67.188.98
www.853mhl.com,SEA,172.67.161.250
www.seoactionblog.com,SEA,172.67.157.226
aomen009wqeiohirq.wyetyfytsfddsyvcgsd.xyz,SEA,104.21.84.20
hgyt.net,SEA,172.67.206.180
modifikasi.com,SEA,104.26.7.157
kenwoodtelecom.mybenefitsapp.com,SEA,104.26.3.237
www.mini4k.com,SEA,172.67.68.27
pub.tomb.no,SEA,104.26.8.206
editorafgv2016-css.f1cdn.com.br,SEA,172.67.70.81
www.ulmer.com,SEA,161.47.38.162
dpgm.net,SEA,172.67.206.197
www.betaffiliation.com,SEA,172.67.188.151
wlanob.net,SEA,172.67.144.107
maratonadellecattedrali.it,SEA,172.67.150.65
sdwzwhcmyxgstq2.qufenglian.com,SEA,172.67.157.6
l9.iat20.com,SEA,172.67.207.52
www.hgyt.net,SEA,172.67.206.180
www.huicxo.com,SEA,172.67.194.147
qobhhhdwyfwyxgs.rp099.cn,SEA,172.67.203.4
hjumfezcsv.com,SEA,172.67.196.175
acc.uub.com.ua,SEA,172.67.70.200
www.koreamkt.net,SEA,104.21.24.243
cnqtj.com,SEA,172.67.207.31
dsdyahijl46.wyetyfytsfddsyvcgsd.xyz,SEA,172.67.185.3
asecxduty.com,SEA,172.67.166.107
www.fqzangao.com,SEA,172.67.149.100
qnxqc.net,SEA,172.67.198.34
cpanel.wave.com.sa,SEA,172.67.192.177
www.qdhaishunde.com,SEA,172.67.154.153
hongqicc.com,SEA,172.67.180.12
hiptown.com,SEA,104.26.15.210
www.aiubook.com,SEA,172.67.176.192
www.dkyd.net,SEA,172.67.151.9
6bucdtsbwzhnyyxgs.qufenglian.com,SEA,172.67.157.6
m.zcfcloud.top,SEA,172.67.146.12
elementor.ck-cdn.com,SEA,104.26.4.26
www.1518yl.net,SEA,172.67.195.197
ahgxtxwlkjyxgsvij.lzbyfc.com,SEA,172.67.160.92
jnyljxsbzlyxgs598.qufenglian.com,SEA,172.67.157.6
eshop.accu-chek.ch,SEA,104.18.12.177
www.javajacks.com,SEA,104.21.83.233
cpanel.polkadotcart.com,SEA,172.67.168.97
sydney.coffeejobsboard.com,SEA,172.67.136.128
www.dexis.fr,SEA,104.16.62.114
www.mswcharging.gov.hk,SEA,172.67.70.94
www.kostendubbelglas.nl,SEA,172.67.148.163
jasolutions.net,SEA,172.67.168.234
www.gxguowei.com,SEA,104.21.11.66
www.iue849.com,SEA,172.67.181.92
xmsymyyxgsr9u.qufenglian.com,SEA,172.67.157.6
qdtcp.com,SEA,104.21.39.85
whbwjdl.chenweiliang.com,SEA,172.67.187.74
www.ak-app.com,SEA,172.67.161.14
oftxwfqbah.com,SEA,172.67.182.12
www.zzhunbohui.com,SEA,172.67.182.124
www.wkfpay.net,SEA,104.21.39.186
dc-c032f929920b.gunjow.net,SEA,172.67.161.6
www.gudyvizmgl.com,SEA,172.67.159.253
am355ggsjkhdgsdhsdh.wyetyfytsfddsyvcgsd.xyz,SEA,172.67.185.3
www.juezeb.com,SEA,104.21.20.230
bergen.coffeejobsboard.com,SEA,104.21.26.143
am352ggsjkhdgsdhsdh.wyetyfytsfddsyvcgsd.xyz,SEA,104.21.84.20
www.douxin2.com,SEA,172.67.159.83
pdfpie.com,SEA,172.67.161.91
rzjjpb.com,SEA,104.21.23.167
30nmhxmzjhwjlb.lzbyfc.com,SEA,104.21.58.143
www.moyewan.com,SEA,172.67.171.191
usd262.mybenefitsapp.com,SEA,172.67.69.173
bk7g.iat20.com,SEA,172.67.207.52
tnwfs.co.uk,SEA,172.67.191.145
www.jinzhunet.net,SEA,172.67.174.196
www.milcases.co.uk,SEA,172.67.205.69
shlbzssjgcyxzrgs6tt.lzbyfc.com,SEA,172.67.160.92
kosun.ru,SEA,172.67.192.64
mwzhnxhjykjyxgs.qufenglian.com,SEA,172.67.157.6
www.accu-chek.ch,SEA,104.18.12.177
jbsinternational.mybenefitsapp.com,SEA,104.26.3.237
www.miyou2.net,SEA,172.67.155.41
betconstruct.espressogames.com,SEA,172.67.70.124
www.zbniufeng.com,SEA,172.67.183.215
246gp.com,SEA,104.21.18.10
shihezi.coffeejobsboard.com,SEA,104.21.26.143
www.jyhyw88.net,SEA,104.21.31.22
www.jkw86.com,SEA,104.21.19.100
www.styunhang.com,SEA,172.67.171.76
yiipc.net,SEA,104.21.18.68
www.cxlj333.com,SEA,104.21.31.52
zfsgf.net,SEA,172.67.172.187
carolinasliceremoval.com,SEA,104.21.20.221
www.huiquanshui.com,SEA,104.21.18.225
wlasnytalent.pl,SEA,172.67.175.72
media.descours-cabaud.net,SEA,104.16.52.114
mmldigital.com,SEA,172.67.191.20
xalczlggyxgs11y.lzbyfc.com,SEA,172.67.160.92
dgsxpkjyxgs7ot.qufenglian.com,SEA,172.67.157.6
www.aignermunich.com,SEA,104.26.4.54
www.actioncoach-dach.com,SEA,199.60.103.225
ema.gerardroofs.eu,SEA,104.18.0.232
shop.bettybp.com,SEA,172.67.160.143
wzdsspyxgs62s.rp099.cn,SEA,172.67.203.4
www.jprinter.net,SEA,104.21.16.183
support.chenweiliang.com,SEA,172.67.187.74
czczgdsbyxgsjy6.qufenglian.com,SEA,172.67.157.6
www.thiencntt.com,SEA,104.21.25.189
am019ggsjkhdgsdhsdh.wyetyfytsfddsyvcgsd.xyz,SEA,104.21.84.20
www.deewhujy.top,SEA,172.67.164.194
arcticwolf-can.mybenefitsapp.com,SEA,104.26.3.237
zhenglizhushou.com,SEA,172.67.189.168
triplescontrol.de,SEA,172.67.171.225
huixinzheng.com,SEA,172.67.168.102
projcode.net,SEA,104.21.16.89
www.dkpj.net,SEA,172.67.198.194
bantaeng.publik.co.id,SEA,172.67.170.155
169jiaoyu.com,SEA,172.67.171.78
brisbane.coffeejobsboard.com,SEA,104.21.26.143
goteborg.coffeejobsboard.com,SEA,104.21.26.143
www.homeppt.com,SEA,104.26.6.163
upqdgsgcyxyxgs.shganghui.com,SEA,172.67.178.102
miyou7.net,SEA,172.67.165.250
www.phoenixasia.org,SEA,172.67.180.103
75zjxkdhznhazgcyxgs.lzbyfc.com,SEA,172.67.160.92
www.foi564.com,SEA,172.67.204.176
hjrrg17.wyetyfytsfddsyvcgsd.xyz,SEA,172.67.185.3
ydgzgs.net,SEA,172.67.201.10
ecloudlife.com,SEA,104.21.23.73
qincx.net,SEA,172.67.186.236
qianwanhouse.com,SEA,172.67.144.21
m.jkw86.com,SEA,172.67.185.190
www.dcyh.net,SEA,172.67.152.7
yociqlmurn.com,SEA,172.67.174.145
www.shqjpx.com,SEA,104.21.18.69
35384.net,SEA,172.67.195.204
www.stkm06.com,SEA,172.67.182.6
evread19.net,SEA,104.18.15.93
www.luoyuehui.net,SEA,172.67.198.71
www.gfvip02ab.com,SEA,172.67.170.192
sra265.com,SEA,172.67.145.228
api.ayna.com,SEA,172.67.144.39
beixintz.net,SEA,172.67.159.3
www.hushshop.net,SEA,172.67.200.226
angiang.toyotasure.vn,SEA,172.67.164.3
www.uk27.net,SEA,172.67.164.116
leon.fox.pet,SEA,172.67.145.87
fund.gunjow.net,SEA,172.67.161.6
www.br-iya.net,SEA,172.67.184.116
wordlift.io,SEA,104.18.9.209
lagged.com,SEA,104.18.0.238
www.peakhack.com,SEA,172.67.203.5
obu.lamolina.edu.pe,SEA,104.26.0.8
www.qinyanxs.com,SEA,172.67.192.20
www.rp099.cn,SEA,172.67.203.4
www.ettian.net,SEA,104.21.47.54
atomicdex.io,SEA,172.66.40.59
videos.mybenefitsapp.com,SEA,172.67.69.173
www.zsyhcq.com,SEA,172.67.205.47
cpanel.modarz.com,SEA,104.21.29.12
omanstemexe.intajy.com,SEA,104.21.24.94
www.fayanting.com,SEA,172.67.153.73
foi564.com,SEA,172.67.204.176
vehicleaid.com,SEA,172.67.177.122
www.beixintz.net,SEA,172.67.159.3
cssrcrqyxgs3jt.shganghui.com,SEA,172.67.178.102
www.sixdrops.net,SEA,172.67.146.213
supeco_ofertas.ahorra-ya.es,SEA,172.67.185.3
faq.billdu.com,SEA,172.67.70.180
nah.mybenefitsapp.com,SEA,104.26.3.237
www.mcocean.com,SEA,172.67.180.195
www.projcode.net,SEA,104.21.16.89
pupco.com,SEA,199.60.103.84
gcxz.net,SEA,104.21.33.247
dexter.mybenefitsapp.com,SEA,172.67.69.173
support.mybenefitsapp.com,SEA,172.67.69.173
www.jobloyal.com,SEA,172.67.197.24
www.huib2g.com,SEA,172.67.167.54
www.sojobs.net,SEA,104.21.22.108
gjf682.com,SEA,104.21.18.7
x30xyjyzsqyy.qufenglian.com,SEA,172.67.157.6
widget.billdu.com,SEA,172.67.70.180
itswill.org,SEA,172.67.186.154
d1qymsbjkjyxgs.lzbyfc.com,SEA,172.67.160.92
www.111642.com,SEA,104.21.28.114
analytics.fastwork.co,SEA,104.26.7.206
www.91npl.net,SEA,104.21.26.79
www.huiyangqi.com,SEA,172.67.191.221
erhaabadi.com,SEA,172.67.199.82
www.mmsg520.net,SEA,172.67.160.199
21uke.net,SEA,104.21.21.10
heli100.net,SEA,172.67.199.143
www.dayu-ec.com,SEA,172.67.177.157
www.lisen-5.com,SEA,172.67.181.81
webmail.polkadotcart.com,SEA,172.67.168.97
germany.coffeejobsboard.com,SEA,104.21.26.143
www.aizenessbuild.shop,SEA,172.67.147.102
sayna.work,SEA,103.169.142.0
004zxqcqwq.wyetyfytsfddsyvcgsd.xyz,SEA,172.67.185.3
www.hjumfezcsv.com,SEA,172.67.196.175
ptmw-live.matter.design,SEA,172.67.151.228
biznet.fastbanking.id,SEA,172.67.194.121
zjdhhywlkjyxgssac.qufenglian.com,SEA,172.67.157.6
v7rv4w5h3vtcekan3j.chenweiliang.com,SEA,172.67.187.74
otherweb.app.dealmaker.tech,SEA,104.18.26.32
sahuarita.mybenefitsapp.com,SEA,172.67.69.173
www.jiashanchangjia.com,SEA,172.67.196.107
topbonusbenvenuto.bonuscomparator.com,SEA,172.67.165.43
generate-nft.online,SEA,104.26.2.27
casindustries.mybenefitsapp.com,SEA,172.67.69.173
dhxp.net,SEA,172.67.176.135
xiaobe.net,SEA,172.67.176.46
656625455.e20biz.es,SEA,172.67.217.23
www.depedtabukcity.com,SEA,104.21.18.180
dcyh.net,SEA,172.67.152.7
app.fastbanking.id,SEA,172.67.194.121
www.hongyafo.com,SEA,172.67.171.243
feqqq.com,SEA,172.67.202.56
www.yshcnc.com,SEA,172.67.197.56
3uqwlxtcscyxgs.lzbyfc.com,SEA,172.67.160.92
sepfjslzxbbdyxgs.qufenglian.com,SEA,172.67.157.6
cgoenthvil.com,SEA,172.67.186.42
ffyg.net,SEA,172.67.185.123
www.xuyubao.net,SEA,172.67.147.114
www.sxxytj.com,SEA,172.67.160.241
www.tshi100.net,SEA,104.21.28.112
6pb63.flyd26.buzz,SEA,172.67.151.196
www.hphxw.com,SEA,172.67.206.177
www.bflwl.net,SEA,104.21.17.19
tjsjxddzxcpjyxgsrzx.qufenglian.com,SEA,172.67.157.6
korea.coffeejobsboard.com,SEA,104.21.26.143
www.44556.cn,SEA,172.67.211.165
www.whcrld.com,SEA,172.67.162.219
www.hnjcorporation.com,SEA,172.67.181.199
www.dkpw.net,SEA,172.67.198.118
am004cgsvcgxdvcg63.wyetyfytsfddsyvcgsd.xyz,SEA,104.21.84.20
am357ggsjkhdgsdhsdh.wyetyfytsfddsyvcgsd.xyz,SEA,104.21.84.20
123751.com,SEA,172.67.158.210
www.misetal.fr,SEA,172.67.72.116
eshop.accu-chek.pl,SEA,104.18.6.246
dakaxiche.com,SEA,172.67.154.149
www.jsb657.com,SEA,172.67.197.87
gtht.net,SEA,172.67.192.93
www.clickvs.one,SEA,172.67.197.7
2x.iat20.com,SEA,172.67.207.52
toronto.coffeejobsboard.com,SEA,104.21.26.143
www.tiandicaigang.com,SEA,172.67.185.221
elmenus.com,SEA,172.67.148.83
010zxqcqwq.wyetyfytsfddsyvcgsd.xyz,SEA,172.67.185.3
www.capmo.com,SEA,104.18.1.125
vade.org.vn,SEA,172.67.150.152
china.embassy.gov.au,SEA,104.18.26.21
shdmfdcjjyxgs9s8.qufenglian.com,SEA,104.21.40.203
hq.xelon.ch,SEA,172.67.136.131
jualbeli.modifikasi.com,SEA,104.26.6.157
www.jasolutions.net,SEA,172.67.168.234
mail.porninvr.net,SEA,172.67.206.81
m.laseglobal.com,SEA,104.26.10.98
huiquanshui.com,SEA,104.21.18.225
eduproerp.com,SEA,172.67.164.111
5uugzyfxxjxyxgs.lzbyfc.com,SEA,172.67.160.92
www.jym1.com,SEA,172.67.159.82
jucai360.net,SEA,104.21.27.133
www.ysr5.com,SEA,172.67.199.113
84ag8.flyd26.buzz,SEA,172.67.151.196
mitsu-jyoseikin.com,SEA,172.67.155.148
qqhfjx.com,SEA,172.67.183.82
2e9l9.flyd26.buzz,SEA,172.67.151.196
am027bsdvbdv41.wyetyfytsfddsyvcgsd.xyz,SEA,172.67.185.3
clear.co,SEA,172.67.167.181
www.wjysds.com,SEA,172.67.164.253
tempsite108.travelexplorer.com.br,SEA,172.67.165.122
www.fluhqydlig.com,SEA,172.67.145.169
canmotor-debugger.fortefibre.net,SEA,172.67.172.72
sanbar.mybenefitsapp.com,SEA,172.67.69.173
clickvs.one,SEA,104.21.21.75
fonts.homeppt.com,SEA,104.26.7.163
onlinelibrary.vet-ebooks.com,SEA,104.26.0.117
309695.com,SEA,104.21.19.81
www.ttleagues.com,SEA,172.67.182.47
aspirepk.org,SEA,172.67.201.147
www.mijnpuzzelwoordenboek.nu,SEA,172.67.206.46
sentry.uub.com.ua,SEA,104.26.15.183
www.xjxue.net,SEA,172.67.160.143
aomen001wqeiohirq.wyetyfytsfddsyvcgsd.xyz,SEA,172.67.185.3
tempsite64.travelexplorer.com.br,SEA,172.67.165.122
www.dgvda.com,SEA,172.67.144.249
jiey6.com,SEA,172.67.183.196
hub.bitstone.eu,SEA,172.67.74.117
reg.uub.com.ua,SEA,104.26.15.183
www.krm759.com,SEA,104.21.24.254
www.cwhz.net,SEA,172.67.157.138
communaute.hydralians.fr,SEA,104.16.61.114
doaff.419eater.com,SEA,172.67.73.180
jyhyw88.net,SEA,172.67.174.169
xiaoxinxueshe.com,SEA,104.21.28.52
khutorni.me,SEA,172.67.173.59
vfxwhcanada.coffeejobsboard.com,SEA,104.21.26.143
agence.dexis.fr,SEA,104.16.63.114
www.huiqiutian.com,SEA,172.67.162.167
www.zhutanmu.net,SEA,172.67.157.200
19aba.flyd26.buzz,SEA,172.67.151.196
tempsite31.travelexplorer.com.br,SEA,172.67.165.122
actionnaires.descours-cabaud.com,SEA,104.16.57.114
jsghdmkjyxgsa6n.lzbyfc.com,SEA,172.67.160.92
eu2xajwqyqyglyxgs.lzbyfc.com,SEA,172.67.160.92
shop.lszone.cc,SEA,172.67.180.11
www.modifikasi.com,SEA,172.67.73.119
juezeb.com,SEA,172.67.194.190
www.859739.com,SEA,172.67.185.104
1105media.mybenefitsapp.com,SEA,172.67.69.173
www.chxbw5.makeup,SEA,104.21.70.155
am332ggsjkhdgsdhsdh.wyetyfytsfddsyvcgsd.xyz,SEA,104.21.84.20
amsterdam.coffeejobsboard.com,SEA,104.21.26.143
cwhz.net,SEA,172.67.157.138
cirebon.publik.co.id,SEA,172.67.170.155
whcrld.com,SEA,172.67.162.219
xmnpw.com,SEA,104.21.19.25
www.thefactnotes.com,SEA,172.67.197.207
hfwtdzyxgsv15.lzbyfc.com,SEA,172.67.160.92
wildlife-usedom.de,SEA,160.153.0.61
xixikingdom.com,SEA,104.21.27.154
am360ggsjkhdgsdhsdh.wyetyfytsfddsyvcgsd.xyz,SEA,172.67.185.3
ilsignore.bonuscomparator.com,SEA,172.67.165.43
editorafgv2016-img.f1cdn.com.br,SEA,104.26.3.230
www.horecagigant.nl,SEA,104.26.2.33
www.goldbuyerssydney.com.au,SEA,172.67.174.92
www.xingbaiye.net,SEA,172.67.177.209
p.zr.si,SEA,172.67.147.94
www.gfzf.net,SEA,172.67.144.153
calvin.mybenefitsapp.com,SEA,104.26.3.237
hetaoyun.net,SEA,172.67.197.116
rongxiaojia.com,SEA,104.21.17.31
bysquare.billdu.com,SEA,104.26.10.2
4jndm.flyd26.buzz,SEA,172.67.151.196
www.lyzxq.com,SEA,172.67.193.134
www.earwighavenobservatory.decimalpoint.ca,SEA,104.21.96.28
static.webshopapp.com,SEA,104.16.8.49
animalsupply.mybenefitsapp.com,SEA,104.26.3.237
imsam.ca,SEA,172.67.161.60
vkjkvadmin.noughtdesign.com,SEA,172.67.190.119
revista.isesp.edu.br,SEA,104.26.12.222
ais.tat.ac.in,SEA,172.67.195.26
www.fiebook.com,SEA,172.67.208.205
hbzgwwljsyxgssij.lzbyfc.com,SEA,172.67.160.92
am027cgsvcgxdvcg63.wyetyfytsfddsyvcgsd.xyz,SEA,172.67.185.3
270web.cn,SEA,104.21.23.25
am006ggsjkhdgsdhsdh.wyetyfytsfddsyvcgsd.xyz,SEA,172.67.185.3
37cang.net,SEA,172.67.152.211
focusearplugs.com,SEA,23.227.38.69
how873.com,SEA,172.67.191.91
www.lzwlxc.com,SEA,172.67.158.130
ahsalnmmgs77g.lzbyfc.com,SEA,172.67.160.92
www.17shihuixuexi.com,SEA,104.21.81.191
leiyumall.com,SEA,172.67.192.72
vpn.lszone.cc,SEA,172.67.180.11
www.gjf682.com,SEA,172.67.179.31
www.how873.com,SEA,104.21.20.49
dia_ofertas.ahorra-ya.es,SEA,172.67.185.3
adplist.org,SEA,104.26.13.108
am016bsdvbdv41.wyetyfytsfddsyvcgsd.xyz,SEA,172.67.185.3
5kbma.flyd26.buzz,SEA,172.67.151.196
73m7k.flyd26.buzz,SEA,172.67.151.196
www.plantprotection.org,SEA,172.67.149.136
am341ggsjkhdgsdhsdh.wyetyfytsfddsyvcgsd.xyz,SEA,172.67.185.3
mg028.net,SEA,104.21.20.58
ptmw-test.matter.design,SEA,172.67.151.228
sxxytj.com,SEA,172.67.160.241
ugchkuz.chenweiliang.com,SEA,172.67.187.74
eshop.accu-chek.com.sg,SEA,104.18.14.60
torreshomeimprovementservices.com,SEA,104.21.17.208
m.chenweiliang.com,SEA,172.67.187.74
4tdbymhjczxsyxgs.qufenglian.com,SEA,172.67.157.6
thelinkbuilders.com,SEA,104.21.31.129
5bfje.flyd26.buzz,SEA,172.67.151.196
6znlzsgfhgjxyxgs.lzbyfc.com,SEA,172.67.160.92
46g9f.flyd26.buzz,SEA,172.67.151.196
www.magic-porn.biz,SEA,172.67.197.227
new2020.stradsolutions.co.in,SEA,172.67.176.242
nyc.coffeejobsboard.com,SEA,104.21.26.143
kiemtienh5vn.com,SEA,172.67.162.245
ynjgkjyxgs54q.lzbyfc.com,SEA,172.67.160.92
shengdong188.com,SEA,172.67.179.207
www.rjf357.com,SEA,172.67.203.158
www.lzbyfc.com,SEA,172.67.160.92
firemon.mybenefitsapp.com,SEA,172.67.69.173
027zxqcqwq.wyetyfytsfddsyvcgsd.xyz,SEA,172.67.185.3
shop4.gunjow.net,SEA,172.67.161.6
stahuj.coffeejobsboard.com,SEA,104.21.26.143
bjwxkjyxgs0ba.qufenglian.com,SEA,172.67.157.6
www.stackpay.org,SEA,172.67.205.13
lkn318.com,SEA,172.67.160.176
backlit.kindclients.co.uk,SEA,172.67.195.183
www.huidaipi.com,SEA,172.67.172.34
17shihuixuexi.com,SEA,172.67.190.144
www.qingwawu.com,SEA,104.21.25.110
cmstreet.net,SEA,172.67.157.129
78795.flyd26.buzz,SEA,172.67.151.196
www.wlasnytalent.pl,SEA,104.21.31.78
www.petswelcome.com,SEA,172.67.72.138
www.chaumtok.top,SEA,104.21.22.253
67j0h.flyd26.buzz,SEA,172.67.151.196
g9gbjxzyxwlkjyxgs.lzbyfc.com,SEA,172.67.160.92
ireland.coffeejobsboard.com,SEA,172.67.136.128
www.360qc.net,SEA,104.21.27.134
www.shvt.cc,SEA,104.21.24.7
www.qiered.com,SEA,172.66.40.203
betaffiliation.com,SEA,104.21.19.197
www.rng541.com,SEA,172.67.164.239
www.goldppt.com,SEA,104.21.23.170
aspect.mybenefitsapp.com,SEA,104.26.3.237
hfjrjjyxgs4t6.lzbyfc.com,SEA,172.67.160.92
www.utougu.net,SEA,172.67.151.249
atfhnqzjxyxgs.lzbyfc.com,SEA,172.67.160.92
stareanatiei.ro,SEA,104.26.10.87
www.tzw57.com,SEA,172.67.180.110
1518yl.net,SEA,172.67.195.197
aw.asinseed.com,SEA,172.66.43.127
syztwlzbyxgsfmt.qufenglian.com,SEA,172.67.157.6
am024ggsjkhdgsdhsdh.wyetyfytsfddsyvcgsd.xyz,SEA,104.21.84.20
www.lamu.city,SEA,104.21.18.235
languages.mybenefitsapp.com,SEA,104.26.2.237
www.gcxz.net,SEA,172.67.152.11
yunyimei.net,SEA,104.21.29.111
www.883323.com,SEA,172.67.195.43
ptwwspnvnn.com,SEA,172.67.157.82
befang.net,SEA,172.67.159.95
burgundybespokejewellers.com.au,SEA,172.67.196.72
londonwebstandards.org,SEA,172.67.175.91
www.fox.pet,SEA,172.67.145.87
clerk.fancy.fly-67.lcl.dev,SEA,104.18.20.113
members.magic-porn.biz,SEA,172.67.197.227
www.yunyimei.net,SEA,104.21.29.111
twinu.featureos.app,SEA,172.67.75.197
am347cgsvcgxdvcg63.wyetyfytsfddsyvcgsd.xyz,SEA,104.21.84.20
btc24.pro,SEA,172.67.70.220
www.cleanbiao.com,SEA,172.67.205.154
cpanel.thomasrife.com,SEA,172.67.157.30
jxbzwlyxgs91e.qufenglian.com,SEA,172.67.157.6
hilsddswlkjyxgs.qufenglian.com,SEA,172.67.157.6
sjzshsmyxgs2ix.qufenglian.com,SEA,172.67.157.6
am026ggsjkhdgsdhsdh.wyetyfytsfddsyvcgsd.xyz,SEA,104.21.84.20
am334ggsjkhdgsdhsdh.wyetyfytsfddsyvcgsd.xyz,SEA,172.67.185.3
www.heyfamilylaw.com.au,SEA,172.67.146.210
www.pafond.rs,SEA,172.67.191.113
longbien.toyotasure.vn,SEA,172.67.164.3
yunnanwg.net,SEA,104.21.30.103
846102.com,SEA,104.21.16.246
wqeiohirq.wyetyfytsfddsyvcgsd.xyz,SEA,172.67.185.3
hzynft.com,SEA,172.67.203.20
delarue.mybenefitsapp.com,SEA,104.26.3.237
seo.vindsnel.eu,SEA,172.67.186.129
7r0ptjtdqsbyxgs.lzbyfc.com,SEA,172.67.160.92
london.coffeejobsboard.com,SEA,172.67.136.128
calgary.coffeejobsboard.com,SEA,104.21.26.143
ccljjxyxgs17q.qufenglian.com,SEA,172.67.157.6
www.amhy8.net,SEA,104.21.24.217
www.xiaobe.net,SEA,104.21.31.96
3j958.flyd26.buzz,SEA,104.21.88.184
www.in-rabbit.com,SEA,172.67.188.176
lyzxq.com,SEA,172.67.193.134
www.nwl351.com,SEA,172.67.172.193
shuzipay.net,SEA,172.67.169.45
huijieshang.com,SEA,172.67.190.94
shbzsygfyxgsvys.qufenglian.com,SEA,104.21.40.203
ouqfzlmhmjjyxgs.lzbyfc.com,SEA,104.21.58.143
hsw865.com,SEA,172.67.145.172
www.huilundian.com,SEA,172.67.187.44
dayu-ec.com,SEA,172.67.177.157
energiewende-tipps.de,SEA,160.153.0.51
350zxqcqwq.wyetyfytsfddsyvcgsd.xyz,SEA,172.67.185.3
dev.lszone.cc,SEA,172.67.180.11
m.modifikasi.com,SEA,104.26.6.157
www.huiwaiqi.com,SEA,172.67.159.43
gerardroofs.eu,SEA,104.18.0.232
www.leadyoo.com,SEA,172.67.177.236
mizibs.com,SEA,172.67.184.253
dgvda.com,SEA,172.67.144.249
am335cgsvcgxdvcg63.wyetyfytsfddsyvcgsd.xyz,SEA,172.67.185.3
www.atwatw.cc,SEA,172.67.205.59
4caahdxzszyyxgs.lzbyfc.com,SEA,172.67.160.92
www.musheguoji.com,SEA,172.67.150.179
www.hartstichting.nl,SEA,104.18.17.165
webmail.tmrwmagazine.com,SEA,104.26.12.240
fastbanking.id,SEA,172.67.194.121
news.lszone.cc,SEA,172.67.180.11
www.fgkp.net,SEA,172.67.157.134
dddd.coffeejobsboard.com,SEA,104.21.26.143
6zdcqxlqyfwyxgs.qufenglian.com,SEA,172.67.157.6
huimaibo.com,SEA,172.67.182.13
git.imsam.ca,SEA,172.67.161.60
styunhang.com,SEA,172.67.171.76
lysdmryhzpyxgsrw5.lzbyfc.com,SEA,172.67.160.92
mail.polkadotcart.com,SEA,172.67.168.97
perth.coffeejobsboard.com,SEA,104.21.26.143
rackforest.com,SEA,104.26.12.145
bjplasma.net,SEA,172.67.186.128
infoemprendedores.xyz,SEA,172.67.207.139
szsdftxcpyxgsm1v.qufenglian.com,SEA,172.67.157.6
kozaczko.info,SEA,172.67.180.225
nfsg.mybenefitsapp.com,SEA,172.67.69.173
www.tbwpay.com,SEA,172.67.191.212
daisycon.io,SEA,104.26.6.186
cyqsh.com,SEA,104.21.25.220
www.jywlkj03.com,SEA,172.67.156.83
cahszpxxxjsyxgs.qufenglian.com,SEA,172.67.157.6
fr.inbolt.com,SEA,104.18.1.125
statebarofaz.mybenefitsapp.com,SEA,104.26.3.237
pcb-nv.195.co.il,SEA,172.67.175.253
webmail.modarz.com,SEA,172.67.148.70
fwxh.net,SEA,172.67.202.18
huiduyao.com,SEA,172.67.188.173
hnyjtdjfwyxgsmt1.lzbyfc.com,SEA,104.21.58.143
rpmx.mybenefitsapp.com,SEA,104.26.3.237
washingtondc.coffeejobsboard.com,SEA,104.21.26.143
gsael.net,SEA,172.67.157.58
web4.storymagic.co,SEA,172.67.159.137
ahorra-ya.es,SEA,172.67.185.3
zbniufeng.com,SEA,104.21.18.222
www.chinagarments.com,SEA,104.21.22.205
uk27.net,SEA,172.67.164.116
aomen015wqeiohirq.wyetyfytsfddsyvcgsd.xyz,SEA,104.21.84.20
am354ggsjkhdgsdhsdh.wyetyfytsfddsyvcgsd.xyz,SEA,104.21.84.20
tsingmu.net,SEA,172.67.157.31
shqjpx.com,SEA,104.21.18.69
www.yatzer.com,SEA,104.26.12.109
ehsds8ax.lifteque.top,SEA,104.21.17.195
misetal.fr,SEA,172.67.72.116
rsy999.net,SEA,172.67.157.112
ourcodeworld.com,SEA,172.67.75.147
xzhzdzswyxgsqdw.lzbyfc.com,SEA,172.67.160.92
www.lszone.cc,SEA,172.67.180.11
www.mg028.net,SEA,104.21.20.58
www.btc24.pro,SEA,172.67.70.220
usepdf.net,SEA,172.67.180.167
loscreadoresinc.com,SEA,104.21.0.129
xjxue.net,SEA,172.67.160.143
yosokanesia.com,SEA,104.21.30.58
register.ahotu.com,SEA,104.26.15.62
www.iqb178.net,SEA,104.21.17.232
axghnku.chenweiliang.com,SEA,172.67.187.74
emutakabat.iat20.com,SEA,172.67.207.52
parent.brightoncollege.edu.vn,SEA,104.26.1.143
resume.io,SEA,104.18.16.210
www.417667.com,SEA,172.67.168.110
zhutanmu.net,SEA,172.67.157.200
aizenessbuild.shop,SEA,172.67.147.102
www.11881.net,SEA,104.21.13.176
www.jiaozhendz.com,SEA,172.67.193.219
osapi.chouftv.ma,SEA,104.26.0.97
hnshtwsdpyxgsyg2.qufenglian.com,SEA,172.67.157.6
com.coffeejobsboard.com,SEA,172.67.136.128
store.evread19.net,SEA,104.18.15.93
www.vpcclethithucuc.vn,SEA,172.67.146.62
lzbyfc.com,SEA,172.67.160.92
goodtools.ai,SEA,172.67.189.162
piffany.presscloud.com,SEA,172.67.69.39
aomen026wqeiohirq.wyetyfytsfddsyvcgsd.xyz,SEA,104.21.84.20
qdlxydgjmyyxgsd5b.qufenglian.com,SEA,172.67.157.6
am340cgsvcgxdvcg63.wyetyfytsfddsyvcgsd.xyz,SEA,104.21.84.20
am002ggsjkhdgsdhsdh.wyetyfytsfddsyvcgsd.xyz,SEA,172.67.185.3
ettian.net,SEA,172.67.170.96
www.496256.com,SEA,104.21.21.83
www.028yygg.com,SEA,172.67.167.218
mx.chouftv.ma,SEA,104.26.1.97
brighton.coffeejobsboard.com,SEA,104.21.26.143
dev.rabr.co,SEA,172.67.201.170
beta.deeeep.io,SEA,104.26.14.120
www.yunnanwg.net,SEA,172.67.172.190
am362cgsvcgxdvcg63.wyetyfytsfddsyvcgsd.xyz,SEA,104.21.84.20
institutosingularidades.edu.br,SEA,172.67.69.80
dv1.buliang107.cc,SJC,104.21.73.242
pp.buliang107.cc,SJC,104.21.73.242
hcapp.doublefin.com,SJC,172.67.30.55
zyb4.buliang107.cc,SJC,104.21.73.242
ldgylm.com,SJC,104.21.79.175
jjwmq.com,SJC,104.21.79.150
wxtmbzjxyxgsah0.qdscbzj.com,SJC,104.21.78.175
de.ruicoglobal.com,SJC,172.67.210.194
hf.buliang107.cc,SJC,104.21.73.242
mmns2007.com,SJC,104.21.71.29
mztdys.com,SJC,104.21.74.175
www.anzhiyi.net,SJC,104.21.73.132
shyfwhcbyxgsb4h.lzbyfc.com,SJC,104.21.58.143
magic-porn.biz,SJC,104.21.44.82
www.kravchyk.com,SJC,104.21.7.200
jzi.buliang107.cc,SJC,104.21.73.242
pk8785.com,SJC,104.21.59.130
www.rcombs.me,SJC,104.21.6.252
www.qqhfjx.com,SJC,104.21.32.49
bidaih.com,SJC,104.21.3.2
www.wanfengwangluo.com,SJC,104.21.89.24
xty.buliang107.cc,SJC,104.21.73.242
km7.buliang107.cc,SJC,104.21.73.242
students.lebanese-forces.com,SJC,104.23.132.45
www.huixuanwu.com,SJC,104.21.7.165
mx.thibault-ml.com,SJC,104.21.62.13
mailsrv.thibault-ml.com,SJC,172.67.217.172
fdstmcyyxgsqf7.qdscbzj.com,SJC,104.21.78.175
jy.buliang107.cc,SJC,104.21.73.242
ns2.thibault-ml.com,SJC,172.67.217.172
velvetropeentertainment.com,SJC,104.21.4.129
315831536.e20biz.es,SJC,172.67.217.23
yo.buliang107.cc,SJC,104.21.73.242
am011cgsvcgxdvcg63.wyetyfytsfddsyvcgsd.xyz,SJC,104.21.84.20
www.tbskj.net,SJC,104.21.8.118
test.tat.ac.in,SJC,104.21.36.144
fjgu.buliang107.cc,SJC,104.21.73.242
jcf.buliang107.cc,SJC,104.21.73.242
zghsxh.com,SJC,104.21.62.52
messageverificationcerts.e20biz.es,SJC,172.67.217.23
ja.chinastockmarketnews.com,SJC,104.21.87.119
bj.buliang107.cc,SJC,104.21.73.242
www.jmattvzdeb.com,SJC,104.21.79.24
feel-free-water.com.ua,SJC,172.67.222.253
www.funlen.net,SJC,172.67.212.17
www.fellihbu.com,SJC,104.21.12.231
c6k.buliang107.cc,SJC,104.21.73.242
lcszgjc.com,SJC,104.21.77.181
recykling-krakow.i-autoskup-zlomowanie.pl,SJC,172.67.157.18
annual-report-2020.advanceauto.us,SJC,162.159.129.11
k3e.buliang107.cc,SJC,104.21.73.242
www.knauf-bauherren.de,SJC,172.64.155.185
bk.buliang107.cc,SJC,172.67.193.118
dlxcgs.com,SJC,104.21.9.182
wq.buliang107.cc,SJC,104.21.73.242
m3m.buliang107.cc,SJC,172.67.193.118
g9lynkmwlwlkjyxgs.lzbyfc.com,SJC,104.21.58.143
careers.blibli.com,SJC,172.64.152.122
sixdrops.net,SJC,104.21.79.176
www.gwxk.net,SJC,104.21.70.132
motorhero.com.br,SJC,104.21.34.108
tlheshequ.com,SJC,104.21.2.171
stclaire.simpleepay.com,SJC,104.18.43.19
funlen.net,SJC,172.67.212.17
am361ggsjkhdgsdhsdh.wyetyfytsfddsyvcgsd.xyz,SJC,104.21.84.20
m.d1.net.cn,SJC,104.21.68.64
hzgelikt.net,SJC,104.21.37.195
ox1.buliang107.cc,SJC,172.67.193.118
qg.buliang107.cc,SJC,172.67.193.118
xzm.buliang107.cc,SJC,104.21.73.242
hb.buliang107.cc,SJC,104.21.73.242
yjbychthwsbyxgs.qdscbzj.com,SJC,104.21.78.175
accounting.sageone.com.au,SJC,104.17.185.80
www.milanstand.com,SJC,104.21.59.74
zz1p.buliang107.cc,SJC,104.21.73.242
r5.buliang107.cc,SJC,104.21.73.242
www.vdk574.com,SJC,172.67.214.164
www.fzhkeji.com,SJC,104.21.43.113
www.cpuoms.com,SJC,172.67.214.184
vuo.buliang107.cc,SJC,104.21.73.242
thouway.net,SJC,104.21.38.179
www.345517.com,SJC,104.21.93.157
cloud.mobile.dev,SJC,172.64.147.209
www.mingdongkj.com,SJC,104.21.55.141
www.qltwholesale.com,SJC,104.21.74.238
hv.buliang107.cc,SJC,172.67.193.118
mnfj.buliang107.cc,SJC,172.67.193.118
km.buliang107.cc,SJC,172.67.193.118
docs.fanplayr.com,SJC,104.18.40.47
hnzdcqdlyxgsg13.qufenglian.com,SJC,104.21.40.203
m.ahjrba.com,SJC,172.67.157.161
www.wlanob.net,SJC,104.21.55.36
smtp3.thibault-ml.com,SJC,172.67.217.172
exchange.thibault-ml.com,SJC,104.21.62.13
www.pinoysteleserye.com,SJC,104.21.44.166
341342.com,SJC,104.21.4.28
www.goodtools.ai,SJC,104.21.81.142
d1hd.buliang107.cc,SJC,172.67.193.118
yf.buliang107.cc,SJC,104.21.73.242
jv.buliang107.cc,SJC,104.21.73.242
mu.buliang107.cc,SJC,172.67.193.118
hm.buliang107.cc,SJC,104.21.73.242
wangwangonline.com,SJC,104.21.66.57
js.buliang107.cc,SJC,172.67.193.118
gyg.buliang107.cc,SJC,104.21.73.242
ttn.buliang107.cc,SJC,104.21.73.242
lvaszsjdkjyxgs.lzbyfc.com,SJC,104.21.58.143
ki.buliang107.cc,SJC,104.21.73.242
ka.buliang107.cc,SJC,172.67.193.118
recoiljs.org,SJC,172.67.208.53
yv.buliang107.cc,SJC,172.67.193.118
shazbat.tv,SJC,104.21.1.165
server.thibault-ml.com,SJC,172.67.217.172
www.car-xldg.com,SJC,104.21.67.110
31gpg.flyd26.buzz,SJC,104.21.88.184
git.cffmnk.lol,SJC,172.67.222.93
ouz.buliang107.cc,SJC,172.67.193.118
www.yiaa.hk,SJC,172.67.223.241
dash.share2pay.co,SJC,104.21.47.51
ha1.buliang107.cc,SJC,104.21.73.242
docs.roundcube.net,SJC,104.21.3.227
www.jsmayu.com,SJC,104.21.41.178
www.ym16.com,SJC,104.21.13.45
www.mida.gov.my,SJC,172.67.13.209
zyf.buliang107.cc,SJC,172.67.193.118
5hf.xyz,SJC,104.21.96.34
freshappreviews.com,SJC,172.67.218.156
haitaisci.net,SJC,104.21.86.95
www.fhdk.net,SJC,104.21.41.10
mv4h.buliang107.cc,SJC,172.67.193.118
post.thibault-ml.com,SJC,172.67.217.172
csmhw.net,SJC,104.21.78.26
huixima.com,SJC,104.21.90.111
009zxqcqwq.wyetyfytsfddsyvcgsd.xyz,SJC,172.67.185.3
iu.buliang107.cc,SJC,172.67.193.118
g9.buliang107.cc,SJC,172.67.193.118
jywlkj03.com,SJC,104.21.32.229
htrh2299.net,SJC,172.67.220.142
www.huiqidi.com,SJC,172.67.217.146
016zxqcqwq.wyetyfytsfddsyvcgsd.xyz,SJC,104.21.84.20
www.753181.com,SJC,172.67.160.88
am343ggsjkhdgsdhsdh.wyetyfytsfddsyvcgsd.xyz,SJC,172.67.185.3
urcvs.unirazak.edu.my,SJC,104.19.241.93
vc7.buliang107.cc,SJC,104.21.73.242
inkpx.com,SJC,104.21.82.40
www.qdpjw.com,SJC,104.21.5.116
qjdcjhj.com,SJC,104.21.70.158
mx10.thibault-ml.com,SJC,104.21.62.13
youbabyyou.com,SJC,172.67.135.138
bm.buliang107.cc,SJC,172.67.193.118
2n5o5.flyd26.buzz,SJC,104.21.88.184
nq.buliang107.cc,SJC,172.67.193.118
l5t.buliang107.cc,SJC,104.21.73.242
mail8.thibault-ml.com,SJC,104.21.62.13
wb.buliang107.cc,SJC,172.67.193.118
xiangtour.net,SJC,104.21.45.93
www.lasenza.com,SJC,172.64.150.124
ft.buliang107.cc,SJC,172.67.193.118
whm.azesteelife.com,SJC,104.21.82.59
2a.buliang107.cc,SJC,104.21.73.242
am358ggsjkhdgsdhsdh.wyetyfytsfddsyvcgsd.xyz,SJC,172.67.185.3
edgesecurityteam.com,SJC,104.21.36.124
www.bdalw.com,SJC,104.21.62.22
www.tomuncle.net,SJC,172.67.135.19
www.gywf.net,SJC,104.21.80.251
p8.buliang107.cc,SJC,104.21.73.242
www.jkmeishi.com,SJC,104.21.45.136
recykling-wadowice.i-autoskup-zlomowanie.pl,SJC,172.67.157.18
yfcx.buliang107.cc,SJC,104.21.73.242
kwat17.wyetyfytsfddsyvcgsd.xyz,SJC,104.21.84.20
ey.buliang107.cc,SJC,104.21.73.242
fdg.buliang107.cc,SJC,104.21.73.242
web2-kids.storymagic.co,SJC,104.21.33.70
51bz.iat20.com,SJC,104.21.61.69
m5lgzszclyyxgs.qdscbzj.com,SJC,172.67.136.35
345517.com,SJC,104.21.93.157
1itapxshjsswzpyxgs.qufenglian.com,SJC,104.21.40.203
lcpj.buliang107.cc,SJC,104.21.73.242
recykling-zakopane.i-autoskup-zlomowanie.pl,SJC,172.67.157.18
006zxqcqwq.wyetyfytsfddsyvcgsd.xyz,SJC,104.21.84.20
www.sznigao.net,SJC,104.21.63.45
11wqzsfjbjhdjxyxgs.qdscbzj.com,SJC,104.21.78.175
www.inteeys.com,SJC,104.21.66.27
efk.buliang107.cc,SJC,172.67.193.118
fpkm.net,SJC,172.67.163.139
zydb.buliang107.cc,SJC,172.67.193.118
www.fzdk.net,SJC,172.67.223.230
www.wuchengzhuce.com,SJC,104.21.79.146
www.fa965.com,SJC,104.21.42.70
www.lgxobkytst.com,SJC,104.21.70.91
www.ningxiawg.net,SJC,104.21.49.37
qpq.buliang107.cc,SJC,172.67.193.118
zxxq.buliang107.cc,SJC,104.21.73.242
www.visittheusa.fr,SJC,104.16.149.31
fia-grants.com,SJC,104.21.63.101
zyg.buliang107.cc,SJC,104.21.73.242
sdttl.ttleagues.com,SJC,104.21.83.215
barracuda.thibault-ml.com,SJC,104.21.62.13
aq.buliang107.cc,SJC,104.21.73.242
illx.buliang107.cc,SJC,172.67.193.118
www.xhlot.com,SJC,104.21.35.215
www.blueballtenby.com,SJC,104.21.52.195
fkgk.net,SJC,104.21.55.142
ay.buliang107.cc,SJC,172.67.193.118
ru.ruicoglobal.com,SJC,104.21.35.14
fireaway.co.nz,SJC,104.21.14.50
www.cfmonair.com,SJC,172.67.162.1
www.cvcflbd.com,SJC,104.21.74.15
www.huimenzhen.com,SJC,172.67.168.102
iz.buliang107.cc,SJC,104.21.73.242
recykling-kety.i-autoskup-zlomowanie.pl,SJC,172.67.157.18
9s1.buliang107.cc,SJC,104.21.73.242
www.gwkz.net,SJC,104.21.42.82
www.benowbuy.net,SJC,104.21.88.109
blgwang.com,SJC,104.21.14.180
www.meiquankj.com,SJC,172.67.190.177
fu.buliang107.cc,SJC,172.67.193.118
kchzw.com,SJC,104.21.64.40
recykling-zawiercie.i-autoskup-zlomowanie.pl,SJC,104.21.34.80
dash.stackpay.org,SJC,104.21.37.65
fssxrjjpjyxgsk9p.qufenglian.com,SJC,104.21.40.203
anzhiyi.net,SJC,104.21.73.132
un.buliang107.cc,SJC,104.21.73.242
zxlc.buliang107.cc,SJC,172.67.193.118
ac.buliang107.cc,SJC,104.21.73.242
la.buliang107.cc,SJC,104.21.73.242
zdilyxfxxkjyxgs.qufenglian.com,SJC,104.21.40.203
www.dtxd.net,SJC,104.21.93.231
www.zhenglizhushou.com,SJC,104.21.73.106
www.91tjh.net,SJC,172.67.214.6
huiqidi.com,SJC,172.67.217.146
webmail.stblcineworld.com,SJC,172.67.210.98
pl.buliang107.cc,SJC,104.21.73.242
fa965.com,SJC,104.21.42.70
6b.buliang107.cc,SJC,172.67.193.118
wv.buliang107.cc,SJC,104.21.73.242
designerbathrooms.com.au,SJC,104.21.44.128
www.itrusty.com,SJC,104.21.40.213
www.169jiaoyu.com,SJC,104.21.47.139
www.247livesupport.biz,SJC,172.67.218.2
ri.buliang107.cc,SJC,172.67.193.118
modmixmap.travelerwp.com,SJC,104.21.65.149
www.befang.net,SJC,104.21.74.145
dt.buliang107.cc,SJC,172.67.193.118
www.tape-deal.com,SJC,104.16.8.49
am012cgsvcgxdvcg63.wyetyfytsfddsyvcgsd.xyz,SJC,172.67.185.3
cloud.romicore.pl,SJC,104.21.96.49
keshannongye.com,SJC,104.21.40.127
wzgzjcjsyxgs7xi.qdscbzj.com,SJC,104.21.78.175
zyj.buliang107.cc,SJC,104.21.73.242
p4xfsbwxwyyxgs.qdscbzj.com,SJC,104.21.78.175
nq6b.buliang107.cc,SJC,172.67.193.118
nm.buliang107.cc,SJC,172.67.193.118
dj.buliang107.cc,SJC,172.67.193.118
www.imex1.com,SJC,104.21.56.80
773k3.com,SJC,172.67.210.97
www.ggxd.net,SJC,104.21.57.175
www.fpkm.net,SJC,104.21.42.164
www.chemaai.net,SJC,172.67.218.240
te.buliang107.cc,SJC,104.21.73.242
sseshhhfjwzhsyxgs.qdscbzj.com,SJC,104.21.78.175
zanpn.com,SJC,104.21.43.184
fox.pet,SJC,104.21.71.128
scripturesongs.glideapp.io,SJC,104.16.218.83
www.ptwkg.com,SJC,104.21.33.191
zy5.buliang107.cc,SJC,104.21.73.242
www.quamnet.com,SJC,104.22.74.120
4oer.buliang107.cc,SJC,104.21.73.242
www.heli100.net,SJC,104.21.44.116
bbs.lszone.cc,SJC,104.21.96.118
www.builds-studio.com,SJC,104.21.65.161
www.cnynyj.com,SJC,104.21.85.136
m.lemonb.top,SJC,104.21.66.216
amztop1.com,SJC,104.21.47.170
f9o.buliang107.cc,SJC,104.21.73.242
ss.buliang107.cc,SJC,104.21.73.242
hz.buliang107.cc,SJC,104.21.73.242
hmsonline.stores.jp,SJC,104.17.80.185
stats.ayna.com,SJC,104.21.47.27
ksn654.com,SJC,104.21.74.32
www.polkadotcart.com,SJC,104.21.62.157
mta.thibault-ml.com,SJC,172.67.217.172
hnswzxgs.com,SJC,104.21.15.12
gw.buliang107.cc,SJC,104.21.73.242
henanxuandie.163b2b.cn,SJC,104.21.15.229
ixy.buliang107.cc,SJC,172.67.193.118
pc.buliang107.cc,SJC,104.21.73.242
huishuishang.com,SJC,104.21.9.38
tqb.buliang107.cc,SJC,104.21.73.242
recykling-swietochlowice.i-autoskup-zlomowanie.pl,SJC,172.67.157.18
tg.buliang107.cc,SJC,172.67.193.118
zzi.buliang107.cc,SJC,172.67.193.118
relay1.thibault-ml.com,SJC,172.67.217.172
www.ebf566.com,SJC,104.21.7.75
qi.buliang107.cc,SJC,172.67.193.118
mail4.thibault-ml.com,SJC,172.67.217.172
www.lishengyl88.com,SJC,104.21.83.194
tempsite66.travelexplorer.com.br,SJC,104.21.65.190
m2.buliang107.cc,SJC,172.67.193.118
www.dcydmobi.com,SJC,104.21.50.22
q3c.buliang107.cc,SJC,172.67.193.118
xcm.buliang107.cc,SJC,104.21.73.242
mx01.thibault-ml.com,SJC,172.67.217.172
huilunti.com,SJC,104.21.93.249
hfpyxxkjyxgsyr0.qufenglian.com,SJC,104.21.40.203
hklywjyxzrgsgkc.qufenglian.com,SJC,104.21.40.203
dsmngeanfv.com,SJC,104.21.7.99
ca.buliang107.cc,SJC,172.67.193.118
1k.buliang107.cc,SJC,104.21.73.242
sikxmflpxxkjyxgs.qufenglian.com,SJC,104.21.40.203
hcdevapp.doublefin.com,SJC,104.22.38.196
zhuoshigd.com,SJC,104.21.5.184
www.guijys.com,SJC,172.67.201.132
am009ggsjkhdgsdhsdh.wyetyfytsfddsyvcgsd.xyz,SJC,172.67.185.3
t6.buliang107.cc,SJC,172.67.193.118
www.dtkk.net,SJC,104.21.62.8
www.dpgm.net,SJC,172.67.206.197
m1.buliang107.cc,SJC,172.67.193.118
app.paybull.com,SJC,104.22.15.99
evansbancorp.q4ir.com,SJC,162.159.130.11
bu.buliang107.cc,SJC,172.67.193.118
ux.buliang107.cc,SJC,104.21.73.242
eurointegration.ge,SJC,104.21.49.180
www.jjwmq.com,SJC,172.67.146.81
1fvc.buliang107.cc,SJC,172.67.193.118
d6.buliang107.cc,SJC,104.21.73.242
mla.buliang107.cc,SJC,172.67.193.118
u3t7.buliang107.cc,SJC,172.67.193.118
rd.buliang107.cc,SJC,104.21.73.242
clips.itswill.org,SJC,104.21.76.39
mail.imex1.com,SJC,104.21.56.80
www.car2car.com.br,SJC,104.21.75.7
tdh685.com,SJC,104.21.69.211
uhu.buliang107.cc,SJC,104.21.73.242
c6.buliang107.cc,SJC,172.67.193.118
www.stop-source-code-theft.com,SJC,104.21.39.144
v8.buliang107.cc,SJC,172.67.193.118
huiwaiqi.com,SJC,172.67.159.43
jv6.buliang107.cc,SJC,104.21.73.242
fcr.buliang107.cc,SJC,104.21.73.242
obd.buliang107.cc,SJC,172.67.193.118
bhrvamj.kcsjrcw.com,SJC,104.21.71.76
envradfsr.simpleepay.com,SJC,104.18.43.19
kql.buliang107.cc,SJC,172.67.193.118
www.qiyuexin.net,SJC,172.67.219.131
9eb.buliang107.cc,SJC,172.67.193.118
oraklon.com,SJC,172.67.147.114
is.buliang107.cc,SJC,172.67.193.118
4wn.buliang107.cc,SJC,172.67.193.118
www.373939.com,SJC,104.21.45.63
zyg5.buliang107.cc,SJC,172.67.193.118
688hw.com,SJC,104.21.54.127
5k.buliang107.cc,SJC,172.67.193.118
hfzsysjdazgcyxgs.qdscbzj.com,SJC,104.21.78.175
mailer.thibault-ml.com,SJC,104.21.62.13
753181.com,SJC,104.21.74.175
sanriedu.net,SJC,104.21.58.208
recykling-raciborz.i-autoskup-zlomowanie.pl,SJC,172.67.157.18
2jib.buliang107.cc,SJC,104.21.73.242
gzwdsmyxgse26.qdscbzj.com,SJC,104.21.78.175
z13shbrxxxkjyxgs.qufenglian.com,SJC,104.21.40.203
iih.buliang107.cc,SJC,104.21.73.242
pg.buliang107.cc,SJC,172.67.193.118
jprinter.net,SJC,172.67.215.73
website.gunjow.net,SJC,104.21.15.18
www.qdtcp.com,SJC,104.21.39.85
www.tdh685.com,SJC,172.67.213.92
www.fca-china.com,SJC,172.67.218.7
www.eduproerp.com,SJC,104.21.41.109
c7ygzbnwhcmyxzrgs.lzbyfc.com,SJC,104.21.58.143
nl.buliang107.cc,SJC,172.67.193.118
git.chuk.dev,SJC,172.67.217.98
vj.buliang107.cc,SJC,104.21.73.242
www.kk99000.com,SJC,104.21.77.251
qddxsbcwlkjyxgstqj.qufenglian.com,SJC,104.21.40.203
cyfaka.com,SJC,104.21.53.227
pop.thibault-ml.com,SJC,172.67.217.172
srv.thibault-ml.com,SJC,172.67.217.172
7d.buliang107.cc,SJC,104.21.73.242
qa-new.storymagic.co,SJC,104.21.33.70
7z5sxlmzcjdsbyxgs.qdscbzj.com,SJC,104.21.78.175
jellyfin.pottula.xyz,SJC,172.67.210.60
www.quanqiuceping.com,SJC,104.21.93.40
tiandicaigang.com,SJC,104.21.68.36
www.paybull.com,SJC,172.67.22.106
www.dnwx8.net,SJC,104.21.13.68
www.846102.com,SJC,172.67.217.83
help.doodlelearning-us.com,SJC,172.64.148.108
www.prolians.fr,SJC,104.18.139.114
7b.buliang107.cc,SJC,104.21.73.242
www.huigenju.com,SJC,104.21.47.68
ia.buliang107.cc,SJC,104.21.73.242
6c422.flyd26.buzz,SJC,104.21.88.184
yue.buliang107.cc,SJC,104.21.73.242
fa.buliang107.cc,SJC,104.21.73.242
ebtgbsldfh.com,SJC,172.67.214.60
wt0hbwzjcjsyxgs.qdscbzj.com,SJC,104.21.78.175
fo.buliang107.cc,SJC,172.67.193.118
hnsxxxkjyxgs5tm.qdscbzj.com,SJC,104.21.78.175
www.51hajr.com,SJC,104.21.50.233
www.gxmy66.com,SJC,104.21.46.37
blxshnzyxgsdyi.qufenglian.com,SJC,104.21.40.203
aomen011wqeiohirq.wyetyfytsfddsyvcgsd.xyz,SJC,104.21.84.20
www.gdh01.net,SJC,172.67.208.7
hxdsw.163b2b.cn,SJC,172.67.208.42
recykling-sosnowiec.i-autoskup-zlomowanie.pl,SJC,172.67.157.18
xunpanjiqi.com,SJC,104.21.57.142
p2izhsglxxhntyxgs.qdscbzj.com,SJC,104.21.78.175
hq.buliang107.cc,SJC,104.21.73.242
smtpseguro.thibault-ml.com,SJC,172.67.217.172
bjywhwhcbyxgsqmg.lzbyfc.com,SJC,104.21.58.143
nmghldzswyxgsso5.qdscbzj.com,SJC,104.21.78.175
mx02.thibault-ml.com,SJC,172.67.217.172
rng541.com,SJC,104.21.65.170
mxs.thibault-ml.com,SJC,104.21.62.13
www.pk8785.com,SJC,104.21.59.130
chaumtok.top,SJC,172.67.208.33
iyesit.net,SJC,104.21.76.6
shop.bandannaday.org.au,SJC,104.21.37.26
www.shuzipay.net,SJC,104.21.95.21
ftp.thibault-ml.com,SJC,104.21.62.13
www.rememberthemilk.com,SJC,104.20.17.170
fymgxgxsyyxgs.rp099.cn,SJC,104.21.93.22
www.bootstrap-live-customizer.com,SJC,104.21.15.207
www.lcszgjc.com,SJC,104.21.77.181
peakhack.com,SJC,104.21.93.23
bx.buliang107.cc,SJC,104.21.73.242
training.knauf.ae,SJC,104.18.36.149
www.secilprebetao.pt,SJC,104.21.84.159
www.kozaczko.info,SJC,104.21.75.191
yg.buliang107.cc,SJC,172.67.193.118
mail01.thibault-ml.com,SJC,104.21.62.13
mc.buliang107.cc,SJC,104.21.73.242
zyjd.buliang107.cc,SJC,172.67.193.118
mail2.thibault-ml.com,SJC,172.67.217.172
www.iyesit.net,SJC,104.21.76.6
vr.buliang107.cc,SJC,172.67.193.118
aomen007wqeiohirq.wyetyfytsfddsyvcgsd.xyz,SJC,172.67.185.3
dr.buliang107.cc,SJC,172.67.193.118
mroc.buliang107.cc,SJC,172.67.193.118
recykling-piekaryslaskie.i-autoskup-zlomowanie.pl,SJC,172.67.157.18
fb.buliang107.cc,SJC,104.21.73.242
www.ami-awards.org,SJC,104.21.33.100
qqnnx.com,SJC,104.21.84.81
sw.buliang107.cc,SJC,104.21.73.242
nyuddannet.dk,SJC,104.21.6.138
basicwebdesign.ca,SJC,172.67.210.1
xe.buliang107.cc,SJC,104.21.73.242
qiyuexin.net,SJC,104.21.45.221
www.hsmachinery.net,SJC,104.21.35.63
zykx.buliang107.cc,SJC,172.67.193.118
assdlzhtyssyxgs.qufenglian.com,SJC,104.21.40.203
v9p.buliang107.cc,SJC,104.21.73.242
boltcw.com,SJC,172.67.169.245
people.unirazak.edu.my,SJC,104.19.240.93
ns.thibault-ml.com,SJC,172.67.217.172
ty.buliang107.cc,SJC,172.67.193.118
shshfdnygfyxgsmbe.lzbyfc.com,SJC,104.21.58.143
mail.car2car.com.br,SJC,104.21.75.7
maestro.mobile.dev,SJC,172.64.147.209
zyq.buliang107.cc,SJC,104.21.73.242
ey.kcsjrcw.com,SJC,104.21.71.76
yshcnc.com,SJC,104.21.58.20
ra.buliang107.cc,SJC,104.21.73.242
servicedesk.bertschi.com,SJC,104.18.151.7
huidaipi.com,SJC,104.21.47.191
zypv.buliang107.cc,SJC,104.21.73.242
www.wyp772.com,SJC,104.21.71.20
www.xiaodechina.org,SJC,172.67.146.116
dtxd.net,SJC,172.67.216.134
zyxv.buliang107.cc,SJC,172.67.193.118
tm8o.buliang107.cc,SJC,104.21.73.242
bgjar.com,SJC,104.21.11.86
fz.buliang107.cc,SJC,104.21.73.242
tb.buliang107.cc,SJC,172.67.193.118
htw.buliang107.cc,SJC,172.67.193.118
www.hjkc.net,SJC,172.67.212.126
www.rongxiaojia.com,SJC,172.67.219.228
www.dm566.com,SJC,104.21.44.45
antrean.rsuasripurwakarta.com,SJC,104.21.86.26
vs.buliang107.cc,SJC,172.67.193.118
sdhrqyglzxfwyxgsuib.qdscbzj.com,SJC,104.21.78.175
imap.thibault-ml.com,SJC,172.67.217.172
h1.buliang107.cc,SJC,172.67.193.118
qge.buliang107.cc,SJC,172.67.193.118
www.1230131.com,SJC,104.21.53.243
029zxqcqwq.wyetyfytsfddsyvcgsd.xyz,SJC,104.21.84.20
www.riseresidential.co.nz,SJC,104.21.46.6
svh.buliang107.cc,SJC,104.21.73.242
egpn.buliang107.cc,SJC,172.67.193.118
khp.buliang107.cc,SJC,172.67.193.118
opp.buliang107.cc,SJC,104.21.73.242
zxp.buliang107.cc,SJC,104.21.73.242
hpxg.net,SJC,104.21.80.58
4qxjjddcpjxzyxgs.qdscbzj.com,SJC,104.21.78.175
www.huixinzheng.com,SJC,104.21.70.155
ggc.dubini.top,SJC,104.21.58.102
puj.buliang107.cc,SJC,172.67.193.118
www.kchzw.com,SJC,104.21.64.40
hp0cqxlzbyxgs.qdscbzj.com,SJC,104.21.78.175
smtp1.thibault-ml.com,SJC,104.21.62.13
rs.buliang107.cc,SJC,104.21.73.242
zyn.buliang107.cc,SJC,172.67.193.118
plataforma.iat20.com,SJC,104.21.61.69
mail3.thibault-ml.com,SJC,172.67.217.172
fey656.com,SJC,104.21.52.233
www.chengztc.com,SJC,104.21.1.180
gdh01.net,SJC,172.67.208.7
help.tawk.to,SJC,104.22.24.131
ow.buliang107.cc,SJC,104.21.73.242
vwhawogowu.com,SJC,104.21.14.99
www.hsfk2.com,SJC,104.21.8.154
www.balkendecke.de,SJC,172.64.148.110
shxxbyyxgsj09.qdscbzj.com,SJC,104.21.78.175
www.liuliangwanjia.com,SJC,104.21.46.137
zzwg.buliang107.cc,SJC,104.21.73.242
zye.buliang107.cc,SJC,104.21.73.242
t5s.buliang107.cc,SJC,172.67.193.118
bol.buliang107.cc,SJC,172.67.193.118
postmaster.thibault-ml.com,SJC,172.67.217.172
b0x.buliang107.cc,SJC,104.21.73.242
www.mzpo.net,SJC,104.21.72.234
poczta.thibault-ml.com,SJC,172.67.217.172
www.0566.com.ua,SJC,104.21.73.31
www.yjmdec.com,SJC,104.21.69.208
ig.buliang107.cc,SJC,172.67.193.118
workspace.cloodo.com,SJC,104.21.62.42
q7.buliang107.cc,SJC,172.67.193.118
q9.buliang107.cc,SJC,172.67.193.118
kbodkinmarketing.com,SJC,172.67.151.165
nj.buliang107.cc,SJC,104.21.73.242
faraday91.com,SJC,172.67.208.62
vbu.buliang107.cc,SJC,104.21.73.242
www.fgvmrgkfon.com,SJC,104.21.9.155
marina.gov.ph,SJC,104.22.23.127
fzdk.net,SJC,104.21.32.153
hzkdn123.163b2b.cn,SJC,172.67.208.42
mjsy123.163b2b.cn,SJC,104.21.15.229
jrjdsc.com,SJC,104.21.74.194
www.flyd26.buzz,SJC,104.21.88.184
3biszsqhdzswyxgs.qdscbzj.com,SJC,104.21.78.175
www.i-autoskup-zlomowanie.pl,SJC,172.67.157.18
mx2.thibault-ml.com,SJC,104.21.62.13
www.kjh782.com,SJC,104.21.61.103
onetrust.pictet.com,SJC,172.64.155.119
ru.buliang107.cc,SJC,104.21.73.242
fe.buliang107.cc,SJC,172.67.193.118
bz.buliang107.cc,SJC,104.21.73.242
wrbybyyy.com,SJC,172.67.138.13
zro.chaumtok.top,SJC,172.67.208.33
www.ahewj.com,SJC,104.21.7.239
www.yociqlmurn.com,SJC,104.21.47.246
recykling-jaworzno.i-autoskup-zlomowanie.pl,SJC,104.21.34.80
am348ggsjkhdgsdhsdh.wyetyfytsfddsyvcgsd.xyz,SJC,104.21.84.20
hol.buliang107.cc,SJC,104.21.73.242
am004ggsjkhdgsdhsdh.wyetyfytsfddsyvcgsd.xyz,SJC,104.21.84.20
blog.paybull.com,SJC,172.67.22.106
smtp.stradsolutions.co.in,SJC,104.21.51.71
www.hongqicc.com,SJC,104.21.96.119
gpac.buliang107.cc,SJC,104.21.73.242
shjqbuyun.net,SJC,104.21.80.7
backend-cd-dev.storymagic.co,SJC,104.21.33.70
mam.buliang107.cc,SJC,104.21.73.242
wg.buliang107.cc,SJC,104.21.73.242
zxok.buliang107.cc,SJC,172.67.193.118
sa.investing.com,SJC,104.18.32.151
3jp.buliang107.cc,SJC,172.67.193.118
chat.tiangong.world,SJC,104.21.32.91
am340ggsjkhdgsdhsdh.wyetyfytsfddsyvcgsd.xyz,SJC,172.67.185.3
zzz.buliang107.cc,SJC,172.67.193.118
www.jgs563.com,SJC,104.21.43.54
www.bjehgj.com,SJC,104.21.50.148
recykling-tychy.i-autoskup-zlomowanie.pl,SJC,104.21.34.80
3m.buliang107.cc,SJC,172.67.193.118
nk.buliang107.cc,SJC,172.67.193.118
mail.azesteelife.com,SJC,172.67.153.208
c4.buliang107.cc,SJC,172.67.193.118
npg.buliang107.cc,SJC,172.67.193.118
qe.buliang107.cc,SJC,172.67.193.118
qh.buliang107.cc,SJC,172.67.193.118
028yygg.com,SJC,104.21.34.35
fv.buliang107.cc,SJC,172.67.193.118
jinansixunjia.com,SJC,104.21.91.94
www.kns815.com,SJC,172.67.148.75
paybull.com,SJC,172.67.22.106
rayconvip.com,SJC,104.21.72.25
www.hnswzxgs.com,SJC,104.21.15.12
www.queenslandplan.qld.gov.au,SJC,104.21.58.140
4o8f7.flyd26.buzz,SJC,104.21.88.184
gfvip02ab.com,SJC,104.21.55.78
am362ggsjkhdgsdhsdh.wyetyfytsfddsyvcgsd.xyz,SJC,172.67.185.3
574i3.flyd26.buzz,SJC,172.67.151.196
huikaishui.com,SJC,172.67.223.175
db6.buliang107.cc,SJC,104.21.73.242
zyz.buliang107.cc,SJC,172.67.193.118
ak.buliang107.cc,SJC,172.67.193.118
mybet21.bonuscomparator.com,SJC,104.21.11.51
www.18xundian.net,SJC,104.21.11.54
www.lkn318.com,SJC,172.67.160.176
kx.buliang107.cc,SJC,104.21.73.242
recykling-rybnik.i-autoskup-zlomowanie.pl,SJC,172.67.157.18
s4fr.buliang107.cc,SJC,104.21.73.242
contentstaging.storymagic.co,SJC,104.21.33.70
gzyaokai.com,SJC,104.21.85.122
gratis.bonuscomparator.com,SJC,104.21.11.51
rx.buliang107.cc,SJC,104.21.73.242
zzr7.buliang107.cc,SJC,172.67.193.118
nqjklqflyzzyhzs.qufenglian.com,SJC,172.67.157.6
sn.buliang107.cc,SJC,172.67.193.118
ih.buliang107.cc,SJC,172.67.193.118
www.31sp.com,SJC,104.21.82.157
tk.buliang107.cc,SJC,172.67.193.118
jj.buliang107.cc,SJC,172.67.193.118
www.macte.org,SJC,104.21.48.83
embed.hirolvaso.com,SJC,104.21.71.49
zw.buliang107.cc,SJC,104.21.73.242
kf.buliang107.cc,SJC,104.21.73.242
pk8863.com,SJC,104.21.87.24
fca-china.com,SJC,172.67.218.7
rsuasripurwakarta.com,SJC,172.67.214.60
www.canteen.org.au,SJC,104.21.49.230
zyqm.buliang107.cc,SJC,104.21.73.242
es.ruicoglobal.com,SJC,172.67.210.194
recykling-strzelceopolskie.i-autoskup-zlomowanie.pl,SJC,172.67.157.18
k0qk.buliang107.cc,SJC,104.21.73.242
www.mkt2u.net,SJC,104.17.0.3
ji.buliang107.cc,SJC,172.67.193.118
2c.buliang107.cc,SJC,104.21.73.242
g8.buliang107.cc,SJC,104.21.73.242
ryy.buliang107.cc,SJC,104.21.73.242
8pvu.buliang107.cc,SJC,104.21.73.242
nxq.buliang107.cc,SJC,104.21.73.242
www.ptwwspnvnn.com,SJC,104.21.13.199
amhy8.net,SJC,172.67.220.217
163b2b.cn,SJC,172.67.208.42
wn818.net,SJC,172.67.217.117
chuanyueauto.com,SJC,172.67.217.79
ev.buliang107.cc,SJC,104.21.73.242
root.thibault-ml.com,SJC,172.67.217.172
crjsijt.kcsjrcw.com,SJC,104.21.71.76
www.jer156.com,SJC,104.21.5.122
recykling-bielsko.i-autoskup-zlomowanie.pl,SJC,172.67.157.18
tnmczsthrlyxgs.qufenglian.com,SJC,104.21.40.203
zy3.buliang107.cc,SJC,172.67.193.118
rp.buliang107.cc,SJC,172.67.193.118
xinygs.com,SJC,104.21.39.99
am007ggsjkhdgsdhsdh.wyetyfytsfddsyvcgsd.xyz,SJC,104.21.84.20
chemaai.net,SJC,172.67.218.240
1dlcl.flyd26.buzz,SJC,104.21.88.184
academy.mentorstrat.com,SJC,104.20.247.77
ptlddkjyxgsbpj.qdscbzj.com,SJC,104.21.78.175
gdg547.com,SJC,172.67.219.254
qufenglian.com,SJC,104.21.40.203
rsu.buliang107.cc,SJC,172.67.193.118
www.xdxcm.net,SJC,172.67.137.249
499mc5.iat20.com,SJC,104.21.61.69
hnjyydzswyxgs6is.qdscbzj.com,SJC,104.21.78.175
fy.buliang107.cc,SJC,172.67.193.118
ou.buliang107.cc,SJC,172.67.193.118
noep.buliang107.cc,SJC,172.67.193.118
knauf.ae,SJC,104.18.36.149
iswdysfhtyssyxgs.lzbyfc.com,SJC,104.21.58.143
envradtbra.simpleepay.com,SJC,104.18.43.19
www.rzjjpb.com,SJC,172.67.212.88
www.hlk455.com,SJC,104.21.8.152
www.sitike.net,SJC,172.67.208.215
www.cronorun.it,SJC,172.67.192.22
2g.buliang107.cc,SJC,104.21.73.242
docs.xelon.ch,SJC,141.101.90.97
email.thibault-ml.com,SJC,104.21.62.13
14p9p.flyd26.buzz,SJC,104.21.88.184
zh.buliang107.cc,SJC,104.21.73.242
zxw.buliang107.cc,SJC,172.67.193.118
vas.id,SJC,104.21.61.157
dgssjxclyxgsgg4.shganghui.com,SJC,104.21.88.116
login.doublefin.com,SJC,104.22.38.196
www.kesor.net,SJC,104.21.86.185
vyh4.buliang107.cc,SJC,172.67.193.118
zy.buliang107.cc,SJC,104.21.73.242
www.oftxwfqbah.com,SJC,104.21.67.221
www.chaseidea.net,SJC,104.21.33.25
hn.buliang107.cc,SJC,172.67.193.118
zxl.buliang107.cc,SJC,104.21.73.242
tempsite89.travelexplorer.com.br,SJC,104.21.65.190
tangsel.publik.co.id,SJC,104.21.55.66
xjalfa.net,SJC,104.21.61.168
fukesi999.com,SJC,104.21.60.234
mx7.thibault-ml.com,SJC,172.67.217.172
smtp2.thibault-ml.com,SJC,172.67.217.172
www.solebox.com,SJC,104.17.155.11
shibahaoyx.com,SJC,104.21.44.116
www.tingroom.com,SJC,172.67.218.74
www.knauf-integral.de,SJC,172.64.149.155
limofood.net,SJC,172.67.210.117
www.cobaltstrike.com,SJC,104.18.32.162
ci.buliang107.cc,SJC,172.67.193.118
qamondyagk.com,SJC,172.67.148.232
www.xmj360.com,SJC,172.67.219.224
ecommercedb.com,SJC,104.21.33.100
rm.buliang107.cc,SJC,172.67.193.118
www.jhygroup.net,SJC,104.21.90.194
pyx.buliang107.cc,SJC,172.67.193.118
www.wdmcheng.cn,SJC,172.67.154.94
www.995563.com,SJC,104.21.94.188
gc.buliang107.cc,SJC,104.21.73.242
tl.buliang107.cc,SJC,172.67.193.118
nh.buliang107.cc,SJC,104.21.73.242
mv.buliang107.cc,SJC,104.21.73.242
aomen022wqeiohirq.wyetyfytsfddsyvcgsd.xyz,SJC,172.67.185.3
ms1.thibault-ml.com,SJC,172.67.217.172
jmattvzdeb.com,SJC,104.21.79.24
hzlxsmyxgs7vm.qdscbzj.com,SJC,104.21.78.175
wzgdslzzyxgsl8r.qufenglian.com,SJC,104.21.40.203
builds-studio.com,SJC,104.21.65.161
barnard.cl,SJC,172.67.40.95
zp.buliang107.cc,SJC,104.21.73.242
www.hetaoyun.net,SJC,104.21.82.68
www.fortunehotelgroup.com,SJC,104.21.5.84
xcfbex.com,SJC,172.67.221.234
mx4.thibault-ml.com,SJC,104.21.62.13
www.valerie.tw,SJC,104.21.41.221
www.jjsm168.com,SJC,104.21.80.148
yz.buliang107.cc,SJC,104.21.73.242
vh.buliang107.cc,SJC,104.21.73.242
xi.buliang107.cc,SJC,104.21.73.242
genqinwenhua.com,SJC,104.21.34.77
appmydocged.com.br,SJC,104.19.240.93
zyt6.buliang107.cc,SJC,104.21.73.242
mingdongkj.com,SJC,104.21.55.141
iy.buliang107.cc,SJC,104.21.73.242
apoteksfarmaci.nu,SJC,104.21.77.187
011zxqcqwq.wyetyfytsfddsyvcgsd.xyz,SJC,104.21.84.20
pq.buliang107.cc,SJC,172.67.193.118
tn.buliang107.cc,SJC,172.67.193.118
am.buliang107.cc,SJC,172.67.193.118
wuchengzhuce.com,SJC,104.21.79.146
www.syksmx.com,SJC,104.21.87.73
uy.buliang107.cc,SJC,104.21.73.242
www.zhaodezhu1796.com,SJC,104.21.68.54
n8.buliang107.cc,SJC,104.21.73.242
huiyiwan.com,SJC,172.67.214.184
wwv.buliang107.cc,SJC,104.21.73.242
zxnv.buliang107.cc,SJC,104.21.73.242
9w4.buliang107.cc,SJC,104.21.73.242
x.tvfan.top,SJC,172.67.215.194
lgyq.buliang107.cc,SJC,104.21.73.242
futmillionaire.com,SJC,172.67.208.25
883323.com,SJC,172.67.195.43
e2.buliang107.cc,SJC,172.67.193.118
qz.buliang107.cc,SJC,104.21.73.242
lv.buliang107.cc,SJC,104.21.73.242
ba.buliang107.cc,SJC,104.21.73.242
www.br511.net,SJC,104.21.44.228
rt.buliang107.cc,SJC,172.67.193.118
n63.buliang107.cc,SJC,172.67.193.118
wf.buliang107.cc,SJC,104.21.73.242
gfvip07ap.com,SJC,104.21.34.81
mx3.thibault-ml.com,SJC,104.21.62.13
rv.buliang107.cc,SJC,172.67.193.118
www.jhgdsbgs.com,SJC,104.21.83.95
zzwf.buliang107.cc,SJC,104.21.73.242
sidokar.rsuasripurwakarta.com,SJC,172.67.214.60
jn.buliang107.cc,SJC,104.21.73.242
mrqw.buliang107.cc,SJC,104.21.73.242
mail.steroidsourcetalk.cc,SJC,104.21.54.247
www.feqqq.com,SJC,104.21.14.50
wshht.com,SJC,104.21.44.129
gdjzncpcjgyxgs3bn.qdscbzj.com,SJC,104.21.78.175
zym.buliang107.cc,SJC,172.67.193.118
wgh.buliang107.cc,SJC,172.67.193.118
jf.buliang107.cc,SJC,172.67.193.118
fgkp.net,SJC,104.21.66.82
611474202.e20biz.es,SJC,172.67.217.23
tomuncle.net,SJC,104.21.6.175
theweekendedition.com.au,SJC,172.67.212.249
www.ebpnnirjlq.com,SJC,104.21.68.76
ltiadvantage.gmetrix.net,SJC,104.22.2.225
tools.it.forexprostools.com,SJC,172.64.145.17
zxmw.buliang107.cc,SJC,172.67.193.118
qn.buliang107.cc,SJC,172.67.193.118
247livesupport.biz,SJC,104.21.43.37
nt.buliang107.cc,SJC,172.67.193.118
zhaodezhu1796.com,SJC,104.21.68.54
www.zshxyr.com,SJC,172.67.214.198
mercury.lawyer,SJC,104.21.69.235
9azgzqxxxkjyxgs.qdscbzj.com,SJC,104.21.78.175
www.chafagui.com,SJC,104.21.43.49
nkdy.buliang107.cc,SJC,104.21.73.242
qsn.buliang107.cc,SJC,104.21.73.242
zxk.buliang107.cc,SJC,104.21.73.242
shop5.gunjow.net,SJC,104.21.15.18
palgharbooking.mahindralifespaces.com,SJC,104.17.130.101
www.shibahaoyx.com,SJC,104.21.44.116
jnwjhlxxkjyxgsw9a.qdscbzj.com,SJC,104.21.78.175
cpanel.theplanet.gr,SJC,104.21.13.141
www.lwgude.com,SJC,172.67.214.35
htr.buliang107.cc,SJC,172.67.193.118
oo.buliang107.cc,SJC,104.21.73.242
sk.buliang107.cc,SJC,172.67.193.118
wd.buliang107.cc,SJC,172.67.193.118
www.16990.net,SJC,172.67.153.166
1gzr.buliang107.cc,SJC,172.67.193.118
scogmc.com,SJC,104.21.92.98
www.limofood.net,SJC,172.67.210.117
pd.knauf.de,SJC,172.64.155.57
9jl4.buliang107.cc,SJC,172.67.193.118
miyou2.net,SJC,104.21.6.146
xbi.buliang107.cc,SJC,104.21.73.242
cig.buliang107.cc,SJC,104.21.73.242
recykling-zabrze.i-autoskup-zlomowanie.pl,SJC,104.21.34.80
zxlh8.com,SJC,172.67.185.138
shop3.gunjow.net,SJC,104.21.15.18
pangeajxtv.com,SJC,172.67.215.108
www.qnxqc.net,SJC,104.21.60.162
recykling-siemianowice.i-autoskup-zlomowanie.pl,SJC,172.67.157.18
zyk.buliang107.cc,SJC,104.21.73.242
recykling-myslowice.i-autoskup-zlomowanie.pl,SJC,172.67.157.18
correo.thibault-ml.com,SJC,172.67.217.172
joc.buliang107.cc,SJC,104.21.73.242
riml.buliang107.cc,SJC,104.21.73.242
www.lojgvqckbw.com,SJC,104.21.92.35
servicepartner.dhlparcel.nl,SJC,104.18.106.227
am346ggsjkhdgsdhsdh.wyetyfytsfddsyvcgsd.xyz,SJC,172.67.185.3
cn.buliang107.cc,SJC,172.67.193.118
pt6l.buliang107.cc,SJC,104.21.73.242
zyr2.buliang107.cc,SJC,172.67.193.118
ej.buliang107.cc,SJC,104.21.73.242
302zxqcqwq.wyetyfytsfddsyvcgsd.xyz,SJC,104.21.84.20
dlm.buliang107.cc,SJC,172.67.193.118
www.19well.com,SJC,172.67.42.74
tutorialtec.com.br,SJC,104.21.51.234
zzs.buliang107.cc,SJC,104.21.73.242
zzo.buliang107.cc,SJC,104.21.73.242
zy7y.buliang107.cc,SJC,104.21.73.242
bo.buliang107.cc,SJC,104.21.73.242
7ledc.flyd26.buzz,SJC,104.21.88.184
www.singlesinamerica.com,SJC,104.17.165.34
xuyubao.net,SJC,104.21.71.170
9y.buliang107.cc,SJC,104.21.73.242
www.jierankeji.com,SJC,104.21.43.62
fwkshxjaqscpxyxgs.qdscbzj.com,SJC,104.21.78.175
awyxm.net,SJC,104.21.7.168
sl.buliang107.cc,SJC,172.67.193.118
eg.buliang107.cc,SJC,172.67.193.118
www.miyou4.net,SJC,104.21.73.132
jobloyal.com,SJC,104.21.92.183
console.ubicloud.com,SJC,104.21.6.195
zzos.buliang107.cc,SJC,172.67.193.118
inossemglobal.com,SJC,104.21.11.32
shhthjyfzyxgsixv.qdscbzj.com,SJC,172.67.136.35
sqr.buliang107.cc,SJC,172.67.193.118
out.thibault-ml.com,SJC,172.67.217.172
dgsmwqgjgclyxgs2ka.qufenglian.com,SJC,104.21.40.203
zzm.buliang107.cc,SJC,104.21.73.242
ds.buliang107.cc,SJC,172.67.193.118
yp.buliang107.cc,SJC,172.67.193.118
kr.investing.com,SJC,172.64.155.105
qm.buliang107.cc,SJC,104.21.73.242
www.hzynft.com,SJC,172.67.203.20
huimenzhen.com,SJC,104.21.70.155
tjqczczxfwyxgshe6.qufenglian.com,SJC,104.21.40.203
career.cvcflbd.com,SJC,172.67.152.178
5d.buliang107.cc,SJC,172.67.193.118
zz7c.buliang107.cc,SJC,172.67.193.118
www.rmjd2018.com,SJC,172.67.214.7
oj.buliang107.cc,SJC,104.21.73.242
www.free-bom.net,SJC,172.67.218.240
xh.buliang107.cc,SJC,172.67.193.118
qdyhsjfmyxgs9gt.lzbyfc.com,SJC,104.21.58.143
t1.buliang107.cc,SJC,104.21.73.242
6s.buliang107.cc,SJC,104.21.73.242
uj4.buliang107.cc,SJC,172.67.193.118
wy.buliang107.cc,SJC,172.67.193.118
ff.buliang107.cc,SJC,172.67.193.118
nz5i.buliang107.cc,SJC,104.21.73.242
www.fpzy.net,SJC,104.21.2.121
slk467.com,SJC,172.67.215.227
5zidasgxhsyxzrgs.shganghui.com,SJC,104.21.88.116
7f.buliang107.cc,SJC,104.21.73.242
jq.buliang107.cc,SJC,172.67.193.118
he.buliang107.cc,SJC,172.67.193.118
www.yongjiacaoye.com,SJC,104.21.70.182
66o.buliang107.cc,SJC,172.67.193.118
zzff.buliang107.cc,SJC,172.67.193.118
recykling-bedzin.i-autoskup-zlomowanie.pl,SJC,104.21.34.80
otbdwbn.chenweiliang.com,SJC,104.21.80.221
lygsqbsyjqyxgs0dl.qdscbzj.com,SJC,172.67.136.35
www.qingyibiotech.com,SJC,104.21.80.202
qingjia888.163b2b.cn,SJC,172.67.208.42
www.fwhf.net,SJC,172.67.213.42
qhdwbwfwyxgsgff.qdscbzj.com,SJC,104.21.78.175
yjmdec.com,SJC,104.21.69.208
czssjhwhcbyxgsthx.qufenglian.com,SJC,104.21.40.203
am020bsdvbdv41.wyetyfytsfddsyvcgsd.xyz,SJC,172.67.185.3
j1.buliang107.cc,SJC,104.21.73.242
2eq.buliang107.cc,SJC,172.67.193.118
vaz.buliang107.cc,SJC,172.67.193.118
cvcflbd.com,SJC,104.21.74.15
vmlcwjnjqx.com,SJC,104.21.6.247
sj.buliang107.cc,SJC,172.67.193.118
rememberapp.co.kr,SJC,162.159.140.141
28nsqfxwlkjyxgs.qdscbzj.com,SJC,104.21.78.175
hcdev-cdn.doublefin.com,SJC,172.67.30.55
www.xinxunbo.com,SJC,104.21.48.249
t.zr.si,SJC,104.21.41.131
nw.buliang107.cc,SJC,104.21.73.242
d2snchcwhcmyxgs.shganghui.com,SJC,104.21.88.116
zj.buliang107.cc,SJC,172.67.193.118
zz.buliang107.cc,SJC,172.67.193.118
remote.thibault-ml.com,SJC,172.67.217.172
gdwsys.com,SJC,104.21.92.25
www.tzsmmjg.com,SJC,172.67.64.224
am344ggsjkhdgsdhsdh.wyetyfytsfddsyvcgsd.xyz,SJC,104.21.84.20
xm.buliang107.cc,SJC,172.67.193.118
www.cvk165.com,SJC,104.21.47.193
ms.thibault-ml.com,SJC,104.21.62.13
dgswkbmclclyxgsm1h.qdscbzj.com,SJC,104.21.78.175
zzj.buliang107.cc,SJC,104.21.73.242
ear-music.shop,SJC,104.17.1.2
yh.buliang107.cc,SJC,104.21.73.242
ebcpqwebmail.chenweiliang.com,SJC,104.21.80.221
1r.buliang107.cc,SJC,172.67.193.118
wdnd.cn,SJC,172.67.168.201
www.woodworkcrafting.com,SJC,66.235.200.145
x1w8.buliang107.cc,SJC,172.67.193.118
beishizhu.net,SJC,104.21.66.223
66eyes.net,SJC,104.21.48.202
www.ds1.nl,SJC,172.67.83.33
jb.buliang107.cc,SJC,104.21.73.242
ezdlnpqiug.com,SJC,104.21.65.41
1mhfh.flyd26.buzz,SJC,104.21.88.184
mbspt.co.id,SJC,104.21.10.170
3x.buliang107.cc,SJC,104.21.73.242
www.073mu.com,SJC,104.21.50.58
partner.smart-soft.club,SJC,104.21.94.169
ef.buliang107.cc,SJC,172.67.193.118
zzx6.buliang107.cc,SJC,172.67.193.118
tjcfcp315.net,SJC,104.21.87.55
nmyuanq.com,SJC,104.21.71.207
93udgszdsyyxgs.shganghui.com,SJC,104.21.88.116
ge.buliang107.cc,SJC,172.67.193.118
ap.buliang107.cc,SJC,172.67.193.118
zo.buliang107.cc,SJC,172.67.193.118
gj.buliang107.cc,SJC,104.21.73.242
kjh782.com,SJC,172.67.208.241
nxphc.com,SJC,104.21.75.247
9u.buliang107.cc,SJC,172.67.193.118
sq.buliang107.cc,SJC,172.67.193.118
u7.buliang107.cc,SJC,172.67.193.118
www.jwz75.com,SJC,104.21.40.94
www.mjr2.com,SJC,104.21.94.80
yn.buliang107.cc,SJC,104.21.73.242
fp.buliang107.cc,SJC,104.21.73.242
nd.buliang107.cc,SJC,104.21.73.242
mzpo.net,SJC,104.21.72.234
ha.buliang107.cc,SJC,172.67.193.118
www.hsjcgroup.net,SJC,104.21.66.124
uh1h.buliang107.cc,SJC,104.21.73.242
8rdczhbjxyxgs.qdscbzj.com,SJC,104.21.78.175
ca.investing.com,SJC,104.18.32.151
z5wd.buliang107.cc,SJC,172.67.193.118
8l.buliang107.cc,SJC,172.67.193.118
ite.buliang107.cc,SJC,172.67.193.118
lc.buliang107.cc,SJC,172.67.193.118
recykling-opole.i-autoskup-zlomowanie.pl,SJC,172.67.157.18
igkddmail.thibault-ml.com,SJC,104.21.62.13
8tghzwljcyxgs.shganghui.com,SJC,104.21.88.116
51.buliang107.cc,SJC,104.21.73.242
mk.buliang107.cc,SJC,172.67.193.118
grafana.thibault-ml.com,SJC,172.67.217.172
recykling-jastrzebiezdroj.i-autoskup-zlomowanie.pl,SJC,172.67.157.18
jinzhunet.net,SJC,172.67.174.196
www.ypqcl.com,SJC,104.21.68.215
eb.buliang107.cc,SJC,104.21.73.242
ua5szstxsmyxgs.qufenglian.com,SJC,104.21.40.203
shshtzfzyxgs3b5.qufenglian.com,SJC,104.21.40.203
www.yiyaoqiao.net,SJC,104.21.8.73
zyt3.buliang107.cc,SJC,172.67.193.118
recykling-prudnik.i-autoskup-zlomowanie.pl,SJC,172.67.157.18
mailgw.thibault-ml.com,SJC,104.21.62.13
www.jingxihi.com,SJC,104.21.60.38
movilbak.es,SJC,104.24.242.24
pr.buliang107.cc,SJC,172.67.193.118
cpanel.car2car.com.br,SJC,104.21.75.7
zxo3.buliang107.cc,SJC,172.67.193.118
zzn.buliang107.cc,SJC,172.67.193.118
7kyq.buliang107.cc,SJC,172.67.193.118
ni.buliang107.cc,SJC,172.67.193.118
www.movilbak.es,SJC,104.24.242.24
recykling-skawina.i-autoskup-zlomowanie.pl,SJC,104.21.34.80
rya.buliang107.cc,SJC,172.67.193.118
jimeijiazx.com,SJC,104.21.70.165
www.jzj360.net,SJC,172.67.214.27
vcyepkrizis.hirolvaso.com,SJC,172.67.169.123
www.hao123ceo.com,SJC,162.159.246.245
zzsdjfczlfwyxgs69i.lzbyfc.com,SJC,172.67.160.92
www.leiyumall.com,SJC,104.21.41.198
ts.buliang107.cc,SJC,172.67.193.118
ee2.buliang107.cc,SJC,172.67.193.118
pa.buliang107.cc,SJC,104.21.73.242
352zxqcqwq.wyetyfytsfddsyvcgsd.xyz,SJC,104.21.84.20
server.vehicleaid.com,SJC,104.21.75.141
moyewan.com,SJC,104.21.71.214
hnalkjyxgs3zj.qdscbzj.com,SJC,104.21.78.175
g1.buliang107.cc,SJC,104.21.73.242
le.buliang107.cc,SJC,172.67.193.118
fzhkeji.com,SJC,104.21.43.113
p7.buliang107.cc,SJC,172.67.193.118
test.paybull.com,SJC,172.67.22.106
www.hzgelikt.net,SJC,172.67.212.174
admin.dev.bg.fws.us,SJC,162.159.140.98
shop.gunjow.net,SJC,104.21.15.18
i9u.buliang107.cc,SJC,172.67.193.118
www.huiheshuidai.com,SJC,104.21.11.92
www.fr134.com,SJC,104.21.11.37
kp.buliang107.cc,SJC,104.21.73.242
s2.buliang107.cc,SJC,172.67.193.118
3ad2c.flyd26.buzz,SJC,104.21.88.184
thecse.com,SJC,104.22.7.120
www.sanmingtian.com,SJC,104.21.58.85
3t.buliang107.cc,SJC,104.21.73.242
www.boltcw.com,SJC,104.21.63.52
uo1dzsljsjgyxgs.qdscbzj.com,SJC,172.67.136.35
test-backend.netcommerce-llp.com,SJC,104.21.84.53
mr.buliang107.cc,SJC,104.21.73.242
ut.buliang107.cc,SJC,104.21.73.242
liupewg.com,SJC,104.21.62.50
w312.buliang107.cc,SJC,104.21.73.242
aqhqjx.com,SJC,104.21.9.61
www.jusagent.com,SJC,104.21.51.163
fl.buliang107.cc,SJC,172.67.193.118
ug.buliang107.cc,SJC,104.21.73.242
www.ruicoglobal.com,SJC,172.67.210.194
www.avit.hk,SJC,172.67.213.158
g8s.buliang107.cc,SJC,104.21.73.242
www.remarkablekids.co.nz,SJC,104.21.83.173
www.163b2b.cn,SJC,104.21.15.229
am350ggsjkhdgsdhsdh.wyetyfytsfddsyvcgsd.xyz,SJC,104.21.84.20
www.rsy999.net,SJC,104.21.73.33
dkyd.net,SJC,104.21.64.131
hcep.buliang107.cc,SJC,104.21.73.242
73.buliang107.cc,SJC,104.21.73.242
www.57mb.com,SJC,104.21.72.116
wjysds.com,SJC,104.21.41.127
www.gdg547.com,SJC,172.67.219.254
417667.com,SJC,104.21.54.101
ggxd.net,SJC,172.67.165.65
www.trusted-studios.eu,SJC,172.67.223.204
rq.buliang107.cc,SJC,172.67.193.118
0fi.buliang107.cc,SJC,104.21.73.242
bl.buliang107.cc,SJC,172.67.193.118
cf.buliang107.cc,SJC,172.67.193.118
www.culture-generale.fr,SJC,172.67.195.20
ayna.com,SJC,104.21.47.27
w9n.buliang107.cc,SJC,172.67.193.118
it.buliang107.cc,SJC,172.67.193.118
www.pollen.com.au,SJC,104.21.34.221
cqdjfwhcmyxgshmt.qdscbzj.com,SJC,104.21.78.175
cvk165.com,SJC,104.21.47.193
r32.buliang107.cc,SJC,172.67.193.118
www.snowyvalleys.nsw.gov.au,SJC,104.21.42.164
chuanhuasz.com,SJC,104.21.49.81
fr.investing.com,SJC,104.18.32.151
fka653.com,SJC,104.21.5.187
zr.si,SJC,104.21.41.131
gzfmpfsyxzrgs43v.qdscbzj.com,SJC,104.21.78.175
cpcontacts.knauf.ae,SJC,172.64.151.107
skinsystem.wewillcraft.com,SJC,104.21.59.121
gxg.buliang107.cc,SJC,172.67.193.118
mailin.thibault-ml.com,SJC,172.67.217.172
dnf.buliang107.cc,SJC,172.67.193.118
x4.buliang107.cc,SJC,104.21.73.242
cdzxjxjykjyxgsx77.qdscbzj.com,SJC,104.21.78.175
tuyunlou.com,SJC,104.21.3.56
jrrc.buliang107.cc,SJC,172.67.193.118
zyve.buliang107.cc,SJC,172.67.193.118
lt.buliang107.cc,SJC,172.67.193.118
miyou4.net,SJC,172.67.145.11
cf4b.buliang107.cc,SJC,172.67.193.118
xv.buliang107.cc,SJC,104.21.73.242
www.buliang107.cc,SJC,172.67.193.118
zz77.buliang107.cc,SJC,172.67.193.118
